SampleID	fathersAgeAtConceptionInYears	mothersAgeAtConceptionInYears	Substitution	n
1	29.8	22.6	C>A	5
1	29.8	22.6	C>G	7
1	29.8	22.6	C>T	9
1	29.8	22.6	CpG>TpG	8
1	29.8	22.6	T>A	5
1	29.8	22.6	T>C	17
1	29.8	22.6	T>G	6
100	33.7	36.5	C>A	9
100	33.7	36.5	C>G	5
100	33.7	36.5	C>T	17
100	33.7	36.5	CpG>TpG	18
100	33.7	36.5	T>A	6
100	33.7	36.5	T>C	20
100	33.7	36.5	T>G	4
101	27.4	30.2	C>A	12
101	27.4	30.2	C>G	8
101	27.4	30.2	C>T	11
101	27.4	30.2	CpG>TpG	12
101	27.4	30.2	T>A	5
101	27.4	30.2	T>C	13
101	27.4	30.2	T>G	5
102	23	21.6	C>A	8
102	23	21.6	C>G	4
102	23	21.6	C>T	21
102	23	21.6	CpG>TpG	9
102	23	21.6	T>A	3
102	23	21.6	T>C	14
102	23	21.6	T>G	9
103	25.7	28.5	C>A	5
103	25.7	28.5	C>G	3
103	25.7	28.5	C>T	12
103	25.7	28.5	CpG>TpG	13
103	25.7	28.5	T>A	5
103	25.7	28.5	T>C	17
103	25.7	28.5	T>G	11
104	30.5	33.3	C>A	6
104	30.5	33.3	C>G	6
104	30.5	33.3	C>T	9
104	30.5	33.3	CpG>TpG	10
104	30.5	33.3	T>A	4
104	30.5	33.3	T>C	13
104	30.5	33.3	T>G	6
105	37.4	40.2	C>A	13
105	37.4	40.2	C>G	7
105	37.4	40.2	C>T	29
105	37.4	40.2	CpG>TpG	14
105	37.4	40.2	T>A	9
105	37.4	40.2	T>C	23
105	37.4	40.2	T>G	5
106	24	26.8	C>A	6
106	24	26.8	C>G	6
106	24	26.8	C>T	20
106	24	26.8	CpG>TpG	15
106	24	26.8	T>A	6
106	24	26.8	T>C	10
106	24	26.8	T>G	2
107	21.1	20.6	C>A	6
107	21.1	20.6	C>G	8
107	21.1	20.6	C>T	12
107	21.1	20.6	CpG>TpG	12
107	21.1	20.6	T>A	4
107	21.1	20.6	T>C	15
107	21.1	20.6	T>G	4
108	39.8	42.6	C>A	12
108	39.8	42.6	C>G	7
108	39.8	42.6	C>T	22
108	39.8	42.6	CpG>TpG	5
108	39.8	42.6	T>A	3
108	39.8	42.6	T>C	24
108	39.8	42.6	T>G	4
11	36.1	28.9	C>A	5
11	36.1	28.9	C>G	2
11	36.1	28.9	C>T	20
11	36.1	28.9	CpG>TpG	16
11	36.1	28.9	T>A	6
11	36.1	28.9	T>C	23
11	36.1	28.9	T>G	8
12	34.1	26.9	C>A	11
12	34.1	26.9	C>G	4
12	34.1	26.9	C>T	17
12	34.1	26.9	CpG>TpG	18
12	34.1	26.9	T>A	12
12	34.1	26.9	T>C	14
12	34.1	26.9	T>G	8
123	26.8	27.1	C>A	6
123	26.8	27.1	C>G	6
123	26.8	27.1	C>T	16
123	26.8	27.1	CpG>TpG	10
123	26.8	27.1	T>A	0
123	26.8	27.1	T>C	11
123	26.8	27.1	T>G	3
124	21.7	22	C>A	4
124	21.7	22	C>G	3
124	21.7	22	C>T	12
124	21.7	22	CpG>TpG	8
124	21.7	22	T>A	3
124	21.7	22	T>C	16
124	21.7	22	T>G	6
126	25.7	26	C>A	4
126	25.7	26	C>G	7
126	25.7	26	C>T	7
126	25.7	26	CpG>TpG	9
126	25.7	26	T>A	2
126	25.7	26	T>C	12
126	25.7	26	T>G	2
127	33.7	34	C>A	5
127	33.7	34	C>G	10
127	33.7	34	C>T	19
127	33.7	34	CpG>TpG	16
127	33.7	34	T>A	3
127	33.7	34	T>C	18
127	33.7	34	T>G	3
128	36.6	36.9	C>A	7
128	36.6	36.9	C>G	3
128	36.6	36.9	C>T	26
128	36.6	36.9	CpG>TpG	11
128	36.6	36.9	T>A	4
128	36.6	36.9	T>C	23
128	36.6	36.9	T>G	6
129	19.8	20.1	C>A	4
129	19.8	20.1	C>G	5
129	19.8	20.1	C>T	11
129	19.8	20.1	CpG>TpG	5
129	19.8	20.1	T>A	2
129	19.8	20.1	T>C	9
129	19.8	20.1	T>G	3
13	40.1	32.9	C>A	6
13	40.1	32.9	C>G	5
13	40.1	32.9	C>T	19
13	40.1	32.9	CpG>TpG	19
13	40.1	32.9	T>A	2
13	40.1	32.9	T>C	21
13	40.1	32.9	T>G	5
131	30.8	31.1	C>A	7
131	30.8	31.1	C>G	8
131	30.8	31.1	C>T	11
131	30.8	31.1	CpG>TpG	13
131	30.8	31.1	T>A	2
131	30.8	31.1	T>C	23
131	30.8	31.1	T>G	4
132	26.6	24.5	C>A	4
132	26.6	24.5	C>G	6
132	26.6	24.5	C>T	28
132	26.6	24.5	CpG>TpG	11
132	26.6	24.5	T>A	5
132	26.6	24.5	T>C	12
132	26.6	24.5	T>G	3
135	26.7	23.2	C>A	5
135	26.7	23.2	C>G	8
135	26.7	23.2	C>T	13
135	26.7	23.2	CpG>TpG	10
135	26.7	23.2	T>A	5
135	26.7	23.2	T>C	17
135	26.7	23.2	T>G	1
136	23.1	23.4	C>A	2
136	23.1	23.4	C>G	6
136	23.1	23.4	C>T	12
136	23.1	23.4	CpG>TpG	10
136	23.1	23.4	T>A	3
136	23.1	23.4	T>C	12
136	23.1	23.4	T>G	8
137	37.1	35.2	C>A	6
137	37.1	35.2	C>G	5
137	37.1	35.2	C>T	19
137	37.1	35.2	CpG>TpG	16
137	37.1	35.2	T>A	3
137	37.1	35.2	T>C	29
137	37.1	35.2	T>G	6
138	23.8	21.9	C>A	2
138	23.8	21.9	C>G	7
138	23.8	21.9	C>T	15
138	23.8	21.9	CpG>TpG	14
138	23.8	21.9	T>A	6
138	23.8	21.9	T>C	17
138	23.8	21.9	T>G	4
139	19.7	17.8	C>A	8
139	19.7	17.8	C>G	8
139	19.7	17.8	C>T	16
139	19.7	17.8	CpG>TpG	9
139	19.7	17.8	T>A	3
139	19.7	17.8	T>C	7
139	19.7	17.8	T>G	4
14	31.2	24	C>A	9
14	31.2	24	C>G	13
14	31.2	24	C>T	13
14	31.2	24	CpG>TpG	11
14	31.2	24	T>A	6
14	31.2	24	T>C	22
14	31.2	24	T>G	4
142	35.4	33.5	C>A	8
142	35.4	33.5	C>G	9
142	35.4	33.5	C>T	17
142	35.4	33.5	CpG>TpG	16
142	35.4	33.5	T>A	4
142	35.4	33.5	T>C	18
142	35.4	33.5	T>G	2
143	31.2	29.3	C>A	11
143	31.2	29.3	C>G	4
143	31.2	29.3	C>T	15
143	31.2	29.3	CpG>TpG	13
143	31.2	29.3	T>A	2
143	31.2	29.3	T>C	23
143	31.2	29.3	T>G	7
144	18.4	20.4	C>A	6
144	18.4	20.4	C>G	4
144	18.4	20.4	C>T	14
144	18.4	20.4	CpG>TpG	10
144	18.4	20.4	T>A	3
144	18.4	20.4	T>C	10
144	18.4	20.4	T>G	6
145	21.3	19.1	C>A	6
145	21.3	19.1	C>G	2
145	21.3	19.1	C>T	9
145	21.3	19.1	CpG>TpG	7
145	21.3	19.1	T>A	4
145	21.3	19.1	T>C	8
145	21.3	19.1	T>G	3
148	27.3	25.4	C>A	9
148	27.3	25.4	C>G	7
148	27.3	25.4	C>T	12
148	27.3	25.4	CpG>TpG	19
148	27.3	25.4	T>A	2
148	27.3	25.4	T>C	17
148	27.3	25.4	T>G	1
149	22.6	20.7	C>A	6
149	22.6	20.7	C>G	7
149	22.6	20.7	C>T	7
149	22.6	20.7	CpG>TpG	8
149	22.6	20.7	T>A	2
149	22.6	20.7	T>C	5
149	22.6	20.7	T>G	4
150	48.5	45.6	C>A	20
150	48.5	45.6	C>G	13
150	48.5	45.6	C>T	30
150	48.5	45.6	CpG>TpG	10
150	48.5	45.6	T>A	10
150	48.5	45.6	T>C	15
150	48.5	45.6	T>G	10
151	21.5	18.6	C>A	8
151	21.5	18.6	C>G	4
151	21.5	18.6	C>T	15
151	21.5	18.6	CpG>TpG	9
151	21.5	18.6	T>A	6
151	21.5	18.6	T>C	12
151	21.5	18.6	T>G	5
152	34.3	31.4	C>A	13
152	34.3	31.4	C>G	5
152	34.3	31.4	C>T	14
152	34.3	31.4	CpG>TpG	10
152	34.3	31.4	T>A	5
152	34.3	31.4	T>C	23
152	34.3	31.4	T>G	5
153	25.9	23	C>A	11
153	25.9	23	C>G	6
153	25.9	23	C>T	21
153	25.9	23	CpG>TpG	9
153	25.9	23	T>A	5
153	25.9	23	T>C	12
153	25.9	23	T>G	2
155	30	27.1	C>A	8
155	30	27.1	C>G	7
155	30	27.1	C>T	19
155	30	27.1	CpG>TpG	14
155	30	27.1	T>A	4
155	30	27.1	T>C	22
155	30	27.1	T>G	6
156	36.7	33.8	C>A	10
156	36.7	33.8	C>G	11
156	36.7	33.8	C>T	19
156	36.7	33.8	CpG>TpG	11
156	36.7	33.8	T>A	8
156	36.7	33.8	T>C	14
156	36.7	33.8	T>G	7
158	31.2	28.3	C>A	9
158	31.2	28.3	C>G	5
158	31.2	28.3	C>T	17
158	31.2	28.3	CpG>TpG	12
158	31.2	28.3	T>A	9
158	31.2	28.3	T>C	17
158	31.2	28.3	T>G	3
161	41.5	38.6	C>A	16
161	41.5	38.6	C>G	4
161	41.5	38.6	C>T	15
161	41.5	38.6	CpG>TpG	8
161	41.5	38.6	T>A	6
161	41.5	38.6	T>C	27
161	41.5	38.6	T>G	8
164	30.8	28.7	C>A	9
164	30.8	28.7	C>G	2
164	30.8	28.7	C>T	15
164	30.8	28.7	CpG>TpG	12
164	30.8	28.7	T>A	4
164	30.8	28.7	T>C	18
164	30.8	28.7	T>G	11
168	48.9	44.9	C>A	4
168	48.9	44.9	C>G	7
168	48.9	44.9	C>T	30
168	48.9	44.9	CpG>TpG	18
168	48.9	44.9	T>A	4
168	48.9	44.9	T>C	22
168	48.9	44.9	T>G	12
17	39.7	39.5	C>A	8
17	39.7	39.5	C>G	10
17	39.7	39.5	C>T	21
17	39.7	39.5	CpG>TpG	11
17	39.7	39.5	T>A	9
17	39.7	39.5	T>C	20
17	39.7	39.5	T>G	4
170	46.7	42.7	C>A	5
170	46.7	42.7	C>G	9
170	46.7	42.7	C>T	19
170	46.7	42.7	CpG>TpG	24
170	46.7	42.7	T>A	7
170	46.7	42.7	T>C	23
170	46.7	42.7	T>G	4
172	29.3	25.3	C>A	3
172	29.3	25.3	C>G	4
172	29.3	25.3	C>T	10
172	29.3	25.3	CpG>TpG	14
172	29.3	25.3	T>A	2
172	29.3	25.3	T>C	12
172	29.3	25.3	T>G	4
173	30.6	26.6	C>A	4
173	30.6	26.6	C>G	6
173	30.6	26.6	C>T	16
173	30.6	26.6	CpG>TpG	11
173	30.6	26.6	T>A	1
173	30.6	26.6	T>C	7
173	30.6	26.6	T>G	4
175	23.2	19.2	C>A	9
175	23.2	19.2	C>G	4
175	23.2	19.2	C>T	23
175	23.2	19.2	CpG>TpG	17
175	23.2	19.2	T>A	3
175	23.2	19.2	T>C	11
175	23.2	19.2	T>G	8
176	35.2	31.2	C>A	8
176	35.2	31.2	C>G	9
176	35.2	31.2	C>T	16
176	35.2	31.2	CpG>TpG	11
176	35.2	31.2	T>A	9
176	35.2	31.2	T>C	20
176	35.2	31.2	T>G	3
178	42.9	38.9	C>A	5
178	42.9	38.9	C>G	5
178	42.9	38.9	C>T	17
178	42.9	38.9	CpG>TpG	16
178	42.9	38.9	T>A	3
178	42.9	38.9	T>C	25
178	42.9	38.9	T>G	2
180	40.8	36.8	C>A	8
180	40.8	36.8	C>G	5
180	40.8	36.8	C>T	15
180	40.8	36.8	CpG>TpG	18
180	40.8	36.8	T>A	4
180	40.8	36.8	T>C	17
180	40.8	36.8	T>G	3
181	32.1	28.1	C>A	12
181	32.1	28.1	C>G	9
181	32.1	28.1	C>T	17
181	32.1	28.1	CpG>TpG	14
181	32.1	28.1	T>A	8
181	32.1	28.1	T>C	16
181	32.1	28.1	T>G	1
184	38.7	34.7	C>A	6
184	38.7	34.7	C>G	7
184	38.7	34.7	C>T	17
184	38.7	34.7	CpG>TpG	19
184	38.7	34.7	T>A	8
184	38.7	34.7	T>C	27
184	38.7	34.7	T>G	2
185	24.5	20.5	C>A	5
185	24.5	20.5	C>G	6
185	24.5	20.5	C>T	18
185	24.5	20.5	CpG>TpG	8
185	24.5	20.5	T>A	4
185	24.5	20.5	T>C	14
185	24.5	20.5	T>G	5
187	32.5	28.8	C>A	9
187	32.5	28.8	C>G	7
187	32.5	28.8	C>T	10
187	32.5	28.8	CpG>TpG	15
187	32.5	28.8	T>A	2
187	32.5	28.8	T>C	18
187	32.5	28.8	T>G	5
188	36.2	32.5	C>A	3
188	36.2	32.5	C>G	5
188	36.2	32.5	C>T	13
188	36.2	32.5	CpG>TpG	15
188	36.2	32.5	T>A	3
188	36.2	32.5	T>C	25
188	36.2	32.5	T>G	4
189	48.5	44.8	C>A	7
189	48.5	44.8	C>G	13
189	48.5	44.8	C>T	32
189	48.5	44.8	CpG>TpG	14
189	48.5	44.8	T>A	8
189	48.5	44.8	T>C	35
189	48.5	44.8	T>G	11
190	44.6	40.9	C>A	9
190	44.6	40.9	C>G	10
190	44.6	40.9	C>T	16
190	44.6	40.9	CpG>TpG	20
190	44.6	40.9	T>A	9
190	44.6	40.9	T>C	34
190	44.6	40.9	T>G	8
191	22.3	19.8	C>A	2
191	22.3	19.8	C>G	1
191	22.3	19.8	C>T	13
191	22.3	19.8	CpG>TpG	7
191	22.3	19.8	T>A	3
191	22.3	19.8	T>C	11
191	22.3	19.8	T>G	2
192	42.8	39.1	C>A	9
192	42.8	39.1	C>G	7
192	42.8	39.1	C>T	18
192	42.8	39.1	CpG>TpG	25
192	42.8	39.1	T>A	7
192	42.8	39.1	T>C	29
192	42.8	39.1	T>G	4
193	39.7	36	C>A	9
193	39.7	36	C>G	10
193	39.7	36	C>T	9
193	39.7	36	CpG>TpG	11
193	39.7	36	T>A	1
193	39.7	36	T>C	29
193	39.7	36	T>G	3
194	37.9	34.2	C>A	6
194	37.9	34.2	C>G	12
194	37.9	34.2	C>T	18
194	37.9	34.2	CpG>TpG	14
194	37.9	34.2	T>A	1
194	37.9	34.2	T>C	24
194	37.9	34.2	T>G	5
196	31.3	27.6	C>A	6
196	31.3	27.6	C>G	11
196	31.3	27.6	C>T	14
196	31.3	27.6	CpG>TpG	13
196	31.3	27.6	T>A	6
196	31.3	27.6	T>C	22
196	31.3	27.6	T>G	1
197	28.1	24.4	C>A	9
197	28.1	24.4	C>G	4
197	28.1	24.4	C>T	17
197	28.1	24.4	CpG>TpG	8
197	28.1	24.4	T>A	1
197	28.1	24.4	T>C	23
197	28.1	24.4	T>G	1
198	30.1	26.4	C>A	4
198	30.1	26.4	C>G	1
198	30.1	26.4	C>T	12
198	30.1	26.4	CpG>TpG	14
198	30.1	26.4	T>A	2
198	30.1	26.4	T>C	11
198	30.1	26.4	T>G	1
199	25.9	22.2	C>A	9
199	25.9	22.2	C>G	7
199	25.9	22.2	C>T	19
199	25.9	22.2	CpG>TpG	13
199	25.9	22.2	T>A	3
199	25.9	22.2	T>C	18
199	25.9	22.2	T>G	2
2	25.4	19.8	C>A	3
2	25.4	19.8	C>G	5
2	25.4	19.8	C>T	12
2	25.4	19.8	CpG>TpG	14
2	25.4	19.8	T>A	6
2	25.4	19.8	T>C	10
2	25.4	19.8	T>G	4
200	34	30.3	C>A	9
200	34	30.3	C>G	4
200	34	30.3	C>T	14
200	34	30.3	CpG>TpG	8
200	34	30.3	T>A	7
200	34	30.3	T>C	21
200	34	30.3	T>G	4
201	27	23.3	C>A	10
201	27	23.3	C>G	1
201	27	23.3	C>T	19
201	27	23.3	CpG>TpG	18
201	27	23.3	T>A	1
201	27	23.3	T>C	29
201	27	23.3	T>G	2
204	35.1	31.4	C>A	5
204	35.1	31.4	C>G	4
204	35.1	31.4	C>T	9
204	35.1	31.4	CpG>TpG	13
204	35.1	31.4	T>A	7
204	35.1	31.4	T>C	20
204	35.1	31.4	T>G	4
205	37.8	33	C>A	8
205	37.8	33	C>G	8
205	37.8	33	C>T	21
205	37.8	33	CpG>TpG	15
205	37.8	33	T>A	2
205	37.8	33	T>C	27
205	37.8	33	T>G	4
206	40.1	35.3	C>A	9
206	40.1	35.3	C>G	5
206	40.1	35.3	C>T	18
206	40.1	35.3	CpG>TpG	13
206	40.1	35.3	T>A	3
206	40.1	35.3	T>C	23
206	40.1	35.3	T>G	4
209	30.4	25.6	C>A	6
209	30.4	25.6	C>G	6
209	30.4	25.6	C>T	14
209	30.4	25.6	CpG>TpG	11
209	30.4	25.6	T>A	8
209	30.4	25.6	T>C	19
209	30.4	25.6	T>G	4
210	28.8	24	C>A	2
210	28.8	24	C>G	5
210	28.8	24	C>T	12
210	28.8	24	CpG>TpG	11
210	28.8	24	T>A	3
210	28.8	24	T>C	18
210	28.8	24	T>G	5
211	37.5	33	C>A	6
211	37.5	33	C>G	9
211	37.5	33	C>T	13
211	37.5	33	CpG>TpG	10
211	37.5	33	T>A	7
211	37.5	33	T>C	16
211	37.5	33	T>G	4
212	27.4	22.6	C>A	4
212	27.4	22.6	C>G	4
212	27.4	22.6	C>T	12
212	27.4	22.6	CpG>TpG	13
212	27.4	22.6	T>A	6
212	27.4	22.6	T>C	21
212	27.4	22.6	T>G	2
213	35.9	31.1	C>A	7
213	35.9	31.1	C>G	6
213	35.9	31.1	C>T	11
213	35.9	31.1	CpG>TpG	14
213	35.9	31.1	T>A	4
213	35.9	31.1	T>C	22
213	35.9	31.1	T>G	3
214	32.2	27.4	C>A	2
214	32.2	27.4	C>G	2
214	32.2	27.4	C>T	21
214	32.2	27.4	CpG>TpG	13
214	32.2	27.4	T>A	4
214	32.2	27.4	T>C	13
214	32.2	27.4	T>G	6
215	34.1	29.3	C>A	6
215	34.1	29.3	C>G	5
215	34.1	29.3	C>T	16
215	34.1	29.3	CpG>TpG	24
215	34.1	29.3	T>A	9
215	34.1	29.3	T>C	22
215	34.1	29.3	T>G	8
216	26.3	21.5	C>A	6
216	26.3	21.5	C>G	2
216	26.3	21.5	C>T	16
216	26.3	21.5	CpG>TpG	11
216	26.3	21.5	T>A	5
216	26.3	21.5	T>C	17
216	26.3	21.5	T>G	4
217	27.4	28.8	C>A	13
217	27.4	28.8	C>G	7
217	27.4	28.8	C>T	16
217	27.4	28.8	CpG>TpG	11
217	27.4	28.8	T>A	3
217	27.4	28.8	T>C	14
217	27.4	28.8	T>G	8
22	28.3	25.1	C>A	11
22	28.3	25.1	C>G	9
22	28.3	25.1	C>T	10
22	28.3	25.1	CpG>TpG	13
22	28.3	25.1	T>A	3
22	28.3	25.1	T>C	9
22	28.3	25.1	T>G	3
220	42.7	37.9	C>A	12
220	42.7	37.9	C>G	4
220	42.7	37.9	C>T	22
220	42.7	37.9	CpG>TpG	19
220	42.7	37.9	T>A	9
220	42.7	37.9	T>C	18
220	42.7	37.9	T>G	8
221	38	36.7	C>A	2
221	38	36.7	C>G	7
221	38	36.7	C>T	11
221	38	36.7	CpG>TpG	13
221	38	36.7	T>A	8
221	38	36.7	T>C	23
221	38	36.7	T>G	3
222	40.3	39	C>A	17
222	40.3	39	C>G	7
222	40.3	39	C>T	17
222	40.3	39	CpG>TpG	17
222	40.3	39	T>A	5
222	40.3	39	T>C	18
222	40.3	39	T>G	4
223	28.1	26.8	C>A	7
223	28.1	26.8	C>G	16
223	28.1	26.8	C>T	24
223	28.1	26.8	CpG>TpG	19
223	28.1	26.8	T>A	3
223	28.1	26.8	T>C	23
223	28.1	26.8	T>G	5
224	26.3	25	C>A	3
224	26.3	25	C>G	2
224	26.3	25	C>T	18
224	26.3	25	CpG>TpG	10
224	26.3	25	T>A	4
224	26.3	25	T>C	15
224	26.3	25	T>G	3
225	29.8	28.5	C>A	7
225	29.8	28.5	C>G	5
225	29.8	28.5	C>T	14
225	29.8	28.5	CpG>TpG	13
225	29.8	28.5	T>A	9
225	29.8	28.5	T>C	15
225	29.8	28.5	T>G	6
226	33.5	32.2	C>A	10
226	33.5	32.2	C>G	10
226	33.5	32.2	C>T	21
226	33.5	32.2	CpG>TpG	17
226	33.5	32.2	T>A	5
226	33.5	32.2	T>C	13
226	33.5	32.2	T>G	8
227	32.2	30.9	C>A	9
227	32.2	30.9	C>G	7
227	32.2	30.9	C>T	18
227	32.2	30.9	CpG>TpG	15
227	32.2	30.9	T>A	2
227	32.2	30.9	T>C	16
227	32.2	30.9	T>G	2
228	25.1	23.8	C>A	3
228	25.1	23.8	C>G	3
228	25.1	23.8	C>T	14
228	25.1	23.8	CpG>TpG	15
228	25.1	23.8	T>A	3
228	25.1	23.8	T>C	15
228	25.1	23.8	T>G	2
229	36.8	35.5	C>A	14
229	36.8	35.5	C>G	5
229	36.8	35.5	C>T	15
229	36.8	35.5	CpG>TpG	7
229	36.8	35.5	T>A	11
229	36.8	35.5	T>C	24
229	36.8	35.5	T>G	3
23	24.7	21.5	C>A	3
23	24.7	21.5	C>G	6
23	24.7	21.5	C>T	8
23	24.7	21.5	CpG>TpG	6
23	24.7	21.5	T>A	5
23	24.7	21.5	T>C	16
23	24.7	21.5	T>G	5
230	30.2	27.4	C>A	6
230	30.2	27.4	C>G	9
230	30.2	27.4	C>T	17
230	30.2	27.4	CpG>TpG	20
230	30.2	27.4	T>A	4
230	30.2	27.4	T>C	14
230	30.2	27.4	T>G	7
231	33.9	30.7	C>A	7
231	33.9	30.7	C>G	1
231	33.9	30.7	C>T	14
231	33.9	30.7	CpG>TpG	16
231	33.9	30.7	T>A	4
231	33.9	30.7	T>C	12
231	33.9	30.7	T>G	8
236	26.6	20.5	C>A	6
236	26.6	20.5	C>G	11
236	26.6	20.5	C>T	21
236	26.6	20.5	CpG>TpG	13
236	26.6	20.5	T>A	4
236	26.6	20.5	T>C	13
236	26.6	20.5	T>G	4
237	30.2	24.1	C>A	4
237	30.2	24.1	C>G	6
237	30.2	24.1	C>T	13
237	30.2	24.1	CpG>TpG	12
237	30.2	24.1	T>A	7
237	30.2	24.1	T>C	17
237	30.2	24.1	T>G	5
238	25.3	19.2	C>A	5
238	25.3	19.2	C>G	8
238	25.3	19.2	C>T	18
238	25.3	19.2	CpG>TpG	11
238	25.3	19.2	T>A	4
238	25.3	19.2	T>C	20
238	25.3	19.2	T>G	6
24	30.1	26.9	C>A	6
24	30.1	26.9	C>G	6
24	30.1	26.9	C>T	14
24	30.1	26.9	CpG>TpG	8
24	30.1	26.9	T>A	4
24	30.1	26.9	T>C	15
24	30.1	26.9	T>G	9
240	36.9	30.8	C>A	9
240	36.9	30.8	C>G	6
240	36.9	30.8	C>T	13
240	36.9	30.8	CpG>TpG	14
240	36.9	30.8	T>A	2
240	36.9	30.8	T>C	21
240	36.9	30.8	T>G	5
242	41.8	35.7	C>A	6
242	41.8	35.7	C>G	4
242	41.8	35.7	C>T	22
242	41.8	35.7	CpG>TpG	13
242	41.8	35.7	T>A	6
242	41.8	35.7	T>C	27
242	41.8	35.7	T>G	5
243	39.6	33.5	C>A	8
243	39.6	33.5	C>G	9
243	39.6	33.5	C>T	18
243	39.6	33.5	CpG>TpG	14
243	39.6	33.5	T>A	4
243	39.6	33.5	T>C	13
243	39.6	33.5	T>G	0
246	37.2	34.7	C>A	11
246	37.2	34.7	C>G	8
246	37.2	34.7	C>T	17
246	37.2	34.7	CpG>TpG	19
246	37.2	34.7	T>A	6
246	37.2	34.7	T>C	22
246	37.2	34.7	T>G	3
247	30.1	25.5	C>A	4
247	30.1	25.5	C>G	5
247	30.1	25.5	C>T	17
247	30.1	25.5	CpG>TpG	12
247	30.1	25.5	T>A	2
247	30.1	25.5	T>C	11
247	30.1	25.5	T>G	3
248	33.5	27.4	C>A	6
248	33.5	27.4	C>G	3
248	33.5	27.4	C>T	24
248	33.5	27.4	CpG>TpG	16
248	33.5	27.4	T>A	6
248	33.5	27.4	T>C	22
248	33.5	27.4	T>G	5
249	43.8	37.7	C>A	6
249	43.8	37.7	C>G	8
249	43.8	37.7	C>T	22
249	43.8	37.7	CpG>TpG	17
249	43.8	37.7	T>A	6
249	43.8	37.7	T>C	21
249	43.8	37.7	T>G	6
25	34.2	31	C>A	5
25	34.2	31	C>G	5
25	34.2	31	C>T	21
25	34.2	31	CpG>TpG	12
25	34.2	31	T>A	5
25	34.2	31	T>C	18
25	34.2	31	T>G	4
250	27.7	30.5	C>A	4
250	27.7	30.5	C>G	6
250	27.7	30.5	C>T	13
250	27.7	30.5	CpG>TpG	10
250	27.7	30.5	T>A	2
250	27.7	30.5	T>C	16
250	27.7	30.5	T>G	3
251	29.4	32.2	C>A	6
251	29.4	32.2	C>G	4
251	29.4	32.2	C>T	9
251	29.4	32.2	CpG>TpG	14
251	29.4	32.2	T>A	0
251	29.4	32.2	T>C	16
251	29.4	32.2	T>G	2
252	39.8	42.6	C>A	11
252	39.8	42.6	C>G	9
252	39.8	42.6	C>T	20
252	39.8	42.6	CpG>TpG	14
252	39.8	42.6	T>A	11
252	39.8	42.6	T>C	28
252	39.8	42.6	T>G	6
253	23.1	25.9	C>A	5
253	23.1	25.9	C>G	3
253	23.1	25.9	C>T	7
253	23.1	25.9	CpG>TpG	8
253	23.1	25.9	T>A	5
253	23.1	25.9	T>C	17
253	23.1	25.9	T>G	8
254	31.2	34	C>A	13
254	31.2	34	C>G	9
254	31.2	34	C>T	21
254	31.2	34	CpG>TpG	15
254	31.2	34	T>A	4
254	31.2	34	T>C	17
254	31.2	34	T>G	2
255	34.3	37.1	C>A	3
255	34.3	37.1	C>G	7
255	34.3	37.1	C>T	29
255	34.3	37.1	CpG>TpG	14
255	34.3	37.1	T>A	6
255	34.3	37.1	T>C	17
255	34.3	37.1	T>G	6
256	24.1	26.9	C>A	5
256	24.1	26.9	C>G	6
256	24.1	26.9	C>T	16
256	24.1	26.9	CpG>TpG	9
256	24.1	26.9	T>A	8
256	24.1	26.9	T>C	9
256	24.1	26.9	T>G	8
257	30.8	22	C>A	9
257	30.8	22	C>G	10
257	30.8	22	C>T	19
257	30.8	22	CpG>TpG	16
257	30.8	22	T>A	5
257	30.8	22	T>C	23
257	30.8	22	T>G	9
258	36.4	39.2	C>A	9
258	36.4	39.2	C>G	11
258	36.4	39.2	C>T	20
258	36.4	39.2	CpG>TpG	19
258	36.4	39.2	T>A	6
258	36.4	39.2	T>C	21
258	36.4	39.2	T>G	10
259	24.1	23.7	C>A	5
259	24.1	23.7	C>G	4
259	24.1	23.7	C>T	17
259	24.1	23.7	CpG>TpG	10
259	24.1	23.7	T>A	3
259	24.1	23.7	T>C	25
259	24.1	23.7	T>G	6
26	37.9	34.7	C>A	4
26	37.9	34.7	C>G	6
26	37.9	34.7	C>T	20
26	37.9	34.7	CpG>TpG	10
26	37.9	34.7	T>A	4
26	37.9	34.7	T>C	29
26	37.9	34.7	T>G	4
264	25.2	28	C>A	2
264	25.2	28	C>G	5
264	25.2	28	C>T	13
264	25.2	28	CpG>TpG	12
264	25.2	28	T>A	3
264	25.2	28	T>C	13
264	25.2	28	T>G	2
265	35	32.2	C>A	7
265	35	32.2	C>G	8
265	35	32.2	C>T	22
265	35	32.2	CpG>TpG	22
265	35	32.2	T>A	2
265	35	32.2	T>C	25
265	35	32.2	T>G	5
266	31.1	28.3	C>A	9
266	31.1	28.3	C>G	1
266	31.1	28.3	C>T	16
266	31.1	28.3	CpG>TpG	20
266	31.1	28.3	T>A	6
266	31.1	28.3	T>C	19
266	31.1	28.3	T>G	2
267	36.4	33.6	C>A	7
267	36.4	33.6	C>G	13
267	36.4	33.6	C>T	22
267	36.4	33.6	CpG>TpG	15
267	36.4	33.6	T>A	5
267	36.4	33.6	T>C	25
267	36.4	33.6	T>G	9
268	26.6	23.8	C>A	5
268	26.6	23.8	C>G	1
268	26.6	23.8	C>T	6
268	26.6	23.8	CpG>TpG	10
268	26.6	23.8	T>A	6
268	26.6	23.8	T>C	17
268	26.6	23.8	T>G	2
269	25.5	22.7	C>A	7
269	25.5	22.7	C>G	8
269	25.5	22.7	C>T	16
269	25.5	22.7	CpG>TpG	9
269	25.5	22.7	T>A	5
269	25.5	22.7	T>C	17
269	25.5	22.7	T>G	7
27	35.9	32.7	C>A	6
27	35.9	32.7	C>G	8
27	35.9	32.7	C>T	19
27	35.9	32.7	CpG>TpG	9
27	35.9	32.7	T>A	6
27	35.9	32.7	T>C	19
27	35.9	32.7	T>G	5
272	29.2	26.4	C>A	7
272	29.2	26.4	C>G	2
272	29.2	26.4	C>T	14
272	29.2	26.4	CpG>TpG	13
272	29.2	26.4	T>A	5
272	29.2	26.4	T>C	20
272	29.2	26.4	T>G	4
275	26.4	27.5	C>A	5
275	26.4	27.5	C>G	5
275	26.4	27.5	C>T	14
275	26.4	27.5	CpG>TpG	9
275	26.4	27.5	T>A	5
275	26.4	27.5	T>C	16
275	26.4	27.5	T>G	1
276	29.2	23.4	C>A	12
276	29.2	23.4	C>G	10
276	29.2	23.4	C>T	21
276	29.2	23.4	CpG>TpG	20
276	29.2	23.4	T>A	10
276	29.2	23.4	T>C	13
276	29.2	23.4	T>G	7
277	40.5	37.7	C>A	10
277	40.5	37.7	C>G	8
277	40.5	37.7	C>T	21
277	40.5	37.7	CpG>TpG	19
277	40.5	37.7	T>A	7
277	40.5	37.7	T>C	26
277	40.5	37.7	T>G	8
278	23.4	20.6	C>A	4
278	23.4	20.6	C>G	7
278	23.4	20.6	C>T	7
278	23.4	20.6	CpG>TpG	20
278	23.4	20.6	T>A	1
278	23.4	20.6	T>C	12
278	23.4	20.6	T>G	1
279	21.8	20.4	C>A	2
279	21.8	20.4	C>G	5
279	21.8	20.4	C>T	17
279	21.8	20.4	CpG>TpG	8
279	21.8	20.4	T>A	2
279	21.8	20.4	T>C	17
279	21.8	20.4	T>G	1
28	29.3	32.4	C>A	4
28	29.3	32.4	C>G	9
28	29.3	32.4	C>T	22
28	29.3	32.4	CpG>TpG	9
28	29.3	32.4	T>A	4
28	29.3	32.4	T>C	13
28	29.3	32.4	T>G	9
280	26.4	25	C>A	9
280	26.4	25	C>G	7
280	26.4	25	C>T	13
280	26.4	25	CpG>TpG	9
280	26.4	25	T>A	6
280	26.4	25	T>C	10
280	26.4	25	T>G	2
281	23.4	22	C>A	5
281	23.4	22	C>G	2
281	23.4	22	C>T	13
281	23.4	22	CpG>TpG	10
281	23.4	22	T>A	4
281	23.4	22	T>C	9
281	23.4	22	T>G	1
282	28.9	27.5	C>A	8
282	28.9	27.5	C>G	7
282	28.9	27.5	C>T	15
282	28.9	27.5	CpG>TpG	15
282	28.9	27.5	T>A	5
282	28.9	27.5	T>C	13
282	28.9	27.5	T>G	10
283	30.7	29.3	C>A	8
283	30.7	29.3	C>G	6
283	30.7	29.3	C>T	17
283	30.7	29.3	CpG>TpG	10
283	30.7	29.3	T>A	3
283	30.7	29.3	T>C	16
283	30.7	29.3	T>G	6
284	32.3	30.9	C>A	12
284	32.3	30.9	C>G	6
284	32.3	30.9	C>T	19
284	32.3	30.9	CpG>TpG	13
284	32.3	30.9	T>A	2
284	32.3	30.9	T>C	16
284	32.3	30.9	T>G	2
285	24.6	23.2	C>A	6
285	24.6	23.2	C>G	5
285	24.6	23.2	C>T	17
285	24.6	23.2	CpG>TpG	8
285	24.6	23.2	T>A	7
285	24.6	23.2	T>C	19
285	24.6	23.2	T>G	4
286	37.9	36.5	C>A	6
286	37.9	36.5	C>G	14
286	37.9	36.5	C>T	17
286	37.9	36.5	CpG>TpG	21
286	37.9	36.5	T>A	5
286	37.9	36.5	T>C	24
286	37.9	36.5	T>G	2
287	28.2	21.9	C>A	3
287	28.2	21.9	C>G	7
287	28.2	21.9	C>T	8
287	28.2	21.9	CpG>TpG	9
287	28.2	21.9	T>A	4
287	28.2	21.9	T>C	14
287	28.2	21.9	T>G	10
288	34.5	34.8	C>A	10
288	34.5	34.8	C>G	3
288	34.5	34.8	C>T	17
288	34.5	34.8	CpG>TpG	15
288	34.5	34.8	T>A	3
288	34.5	34.8	T>C	20
288	34.5	34.8	T>G	4
29	41	37.8	C>A	9
29	41	37.8	C>G	11
29	41	37.8	C>T	20
29	41	37.8	CpG>TpG	15
29	41	37.8	T>A	6
29	41	37.8	T>C	28
29	41	37.8	T>G	3
295	29.2	25	C>A	5
295	29.2	25	C>G	8
295	29.2	25	C>T	17
295	29.2	25	CpG>TpG	11
295	29.2	25	T>A	7
295	29.2	25	T>C	23
295	29.2	25	T>G	6
296	27.2	25	C>A	13
296	27.2	25	C>G	4
296	27.2	25	C>T	27
296	27.2	25	CpG>TpG	15
296	27.2	25	T>A	3
296	27.2	25	T>C	9
296	27.2	25	T>G	5
297	31.6	32.5	C>A	6
297	31.6	32.5	C>G	8
297	31.6	32.5	C>T	16
297	31.6	32.5	CpG>TpG	15
297	31.6	32.5	T>A	7
297	31.6	32.5	T>C	23
297	31.6	32.5	T>G	6
298	37.2	35	C>A	6
298	37.2	35	C>G	13
298	37.2	35	C>T	17
298	37.2	35	CpG>TpG	19
298	37.2	35	T>A	5
298	37.2	35	T>C	18
298	37.2	35	T>G	8
299	33.7	31.5	C>A	10
299	33.7	31.5	C>G	9
299	33.7	31.5	C>T	17
299	33.7	31.5	CpG>TpG	12
299	33.7	31.5	T>A	4
299	33.7	31.5	T>C	16
299	33.7	31.5	T>G	5
3	44	36.8	C>A	7
3	44	36.8	C>G	7
3	44	36.8	C>T	19
3	44	36.8	CpG>TpG	15
3	44	36.8	T>A	7
3	44	36.8	T>C	16
3	44	36.8	T>G	10
30	43.1	39.9	C>A	7
30	43.1	39.9	C>G	10
30	43.1	39.9	C>T	20
30	43.1	39.9	CpG>TpG	10
30	43.1	39.9	T>A	7
30	43.1	39.9	T>C	32
30	43.1	39.9	T>G	10
300	39	36.8	C>A	7
300	39	36.8	C>G	8
300	39	36.8	C>T	19
300	39	36.8	CpG>TpG	16
300	39	36.8	T>A	5
300	39	36.8	T>C	19
300	39	36.8	T>G	10
301	29.2	27	C>A	2
301	29.2	27	C>G	8
301	29.2	27	C>T	12
301	29.2	27	CpG>TpG	18
301	29.2	27	T>A	3
301	29.2	27	T>C	20
301	29.2	27	T>G	5
302	32.8	30.6	C>A	11
302	32.8	30.6	C>G	12
302	32.8	30.6	C>T	18
302	32.8	30.6	CpG>TpG	16
302	32.8	30.6	T>A	4
302	32.8	30.6	T>C	16
302	32.8	30.6	T>G	1
303	35.5	33.3	C>A	12
303	35.5	33.3	C>G	11
303	35.5	33.3	C>T	19
303	35.5	33.3	CpG>TpG	14
303	35.5	33.3	T>A	6
303	35.5	33.3	T>C	21
303	35.5	33.3	T>G	5
304	30.2	28	C>A	7
304	30.2	28	C>G	8
304	30.2	28	C>T	10
304	30.2	28	CpG>TpG	13
304	30.2	28	T>A	2
304	30.2	28	T>C	22
304	30.2	28	T>G	3
305	28.1	25.9	C>A	8
305	28.1	25.9	C>G	14
305	28.1	25.9	C>T	20
305	28.1	25.9	CpG>TpG	13
305	28.1	25.9	T>A	1
305	28.1	25.9	T>C	15
305	28.1	25.9	T>G	1
308	37.5	33.3	C>A	5
308	37.5	33.3	C>G	7
308	37.5	33.3	C>T	21
308	37.5	33.3	CpG>TpG	9
308	37.5	33.3	T>A	2
308	37.5	33.3	T>C	20
308	37.5	33.3	T>G	7
31	27.2	23.5	C>A	3
31	27.2	23.5	C>G	5
31	27.2	23.5	C>T	13
31	27.2	23.5	CpG>TpG	9
31	27.2	23.5	T>A	2
31	27.2	23.5	T>C	17
31	27.2	23.5	T>G	3
310	22.6	22.2	C>A	8
310	22.6	22.2	C>G	3
310	22.6	22.2	C>T	10
310	22.6	22.2	CpG>TpG	8
310	22.6	22.2	T>A	5
310	22.6	22.2	T>C	16
310	22.6	22.2	T>G	7
311	24.4	24	C>A	8
311	24.4	24	C>G	9
311	24.4	24	C>T	27
311	24.4	24	CpG>TpG	12
311	24.4	24	T>A	3
311	24.4	24	T>C	17
311	24.4	24	T>G	6
312	25.9	25.5	C>A	8
312	25.9	25.5	C>G	4
312	25.9	25.5	C>T	12
312	25.9	25.5	CpG>TpG	12
312	25.9	25.5	T>A	6
312	25.9	25.5	T>C	15
312	25.9	25.5	T>G	4
313	28.3	27.9	C>A	5
313	28.3	27.9	C>G	4
313	28.3	27.9	C>T	13
313	28.3	27.9	CpG>TpG	10
313	28.3	27.9	T>A	6
313	28.3	27.9	T>C	15
313	28.3	27.9	T>G	5
314	29.9	29.5	C>A	5
314	29.9	29.5	C>G	7
314	29.9	29.5	C>T	21
314	29.9	29.5	CpG>TpG	15
314	29.9	29.5	T>A	5
314	29.9	29.5	T>C	17
314	29.9	29.5	T>G	3
315	31.7	31.3	C>A	7
315	31.7	31.3	C>G	6
315	31.7	31.3	C>T	22
315	31.7	31.3	CpG>TpG	8
315	31.7	31.3	T>A	4
315	31.7	31.3	T>C	16
315	31.7	31.3	T>G	4
316	35.9	35.5	C>A	14
316	35.9	35.5	C>G	5
316	35.9	35.5	C>T	22
316	35.9	35.5	CpG>TpG	17
316	35.9	35.5	T>A	6
316	35.9	35.5	T>C	21
316	35.9	35.5	T>G	8
318	25.4	23.2	C>A	6
318	25.4	23.2	C>G	3
318	25.4	23.2	C>T	15
318	25.4	23.2	CpG>TpG	11
318	25.4	23.2	T>A	2
318	25.4	23.2	T>C	19
318	25.4	23.2	T>G	5
319	34.3	34.2	C>A	12
319	34.3	34.2	C>G	8
319	34.3	34.2	C>T	25
319	34.3	34.2	CpG>TpG	13
319	34.3	34.2	T>A	6
319	34.3	34.2	T>C	35
319	34.3	34.2	T>G	7
32	26.7	23.5	C>A	6
32	26.7	23.5	C>G	4
32	26.7	23.5	C>T	10
32	26.7	23.5	CpG>TpG	14
32	26.7	23.5	T>A	5
32	26.7	23.5	T>C	13
32	26.7	23.5	T>G	5
320	27	26.9	C>A	6
320	27	26.9	C>G	10
320	27	26.9	C>T	12
320	27	26.9	CpG>TpG	11
320	27	26.9	T>A	9
320	27	26.9	T>C	20
320	27	26.9	T>G	1
321	36	35.9	C>A	8
321	36	35.9	C>G	8
321	36	35.9	C>T	17
321	36	35.9	CpG>TpG	8
321	36	35.9	T>A	3
321	36	35.9	T>C	18
321	36	35.9	T>G	9
322	20.1	20	C>A	5
322	20.1	20	C>G	8
322	20.1	20	C>T	12
322	20.1	20	CpG>TpG	9
322	20.1	20	T>A	5
322	20.1	20	T>C	14
322	20.1	20	T>G	5
323	25.2	25.1	C>A	5
323	25.2	25.1	C>G	4
323	25.2	25.1	C>T	18
323	25.2	25.1	CpG>TpG	8
323	25.2	25.1	T>A	5
323	25.2	25.1	T>C	20
323	25.2	25.1	T>G	7
324	22.5	22.4	C>A	10
324	22.5	22.4	C>G	9
324	22.5	22.4	C>T	15
324	22.5	22.4	CpG>TpG	9
324	22.5	22.4	T>A	1
324	22.5	22.4	T>C	23
324	22.5	22.4	T>G	4
325	28.7	28.6	C>A	7
325	28.7	28.6	C>G	3
325	28.7	28.6	C>T	25
325	28.7	28.6	CpG>TpG	12
325	28.7	28.6	T>A	4
325	28.7	28.6	T>C	23
325	28.7	28.6	T>G	8
326	30.3	30.2	C>A	9
326	30.3	30.2	C>G	5
326	30.3	30.2	C>T	20
326	30.3	30.2	CpG>TpG	11
326	30.3	30.2	T>A	5
326	30.3	30.2	T>C	29
326	30.3	30.2	T>G	7
327	24.5	23.1	C>A	7
327	24.5	23.1	C>G	3
327	24.5	23.1	C>T	15
327	24.5	23.1	CpG>TpG	8
327	24.5	23.1	T>A	4
327	24.5	23.1	T>C	13
327	24.5	23.1	T>G	1
328	22.8	21.6	C>A	7
328	22.8	21.6	C>G	2
328	22.8	21.6	C>T	14
328	22.8	21.6	CpG>TpG	10
328	22.8	21.6	T>A	2
328	22.8	21.6	T>C	15
328	22.8	21.6	T>G	7
33	25.9	25.7	C>A	7
33	25.9	25.7	C>G	5
33	25.9	25.7	C>T	11
33	25.9	25.7	CpG>TpG	8
33	25.9	25.7	T>A	1
33	25.9	25.7	T>C	11
33	25.9	25.7	T>G	4
333	40.5	40.4	C>A	9
333	40.5	40.4	C>G	8
333	40.5	40.4	C>T	19
333	40.5	40.4	CpG>TpG	14
333	40.5	40.4	T>A	4
333	40.5	40.4	T>C	20
333	40.5	40.4	T>G	3
334	29.4	25.3	C>A	3
334	29.4	25.3	C>G	8
334	29.4	25.3	C>T	17
334	29.4	25.3	CpG>TpG	12
334	29.4	25.3	T>A	9
334	29.4	25.3	T>C	14
334	29.4	25.3	T>G	4
335	25.8	21.7	C>A	7
335	25.8	21.7	C>G	7
335	25.8	21.7	C>T	20
335	25.8	21.7	CpG>TpG	11
335	25.8	21.7	T>A	4
335	25.8	21.7	T>C	12
335	25.8	21.7	T>G	4
336	30.5	26.4	C>A	9
336	30.5	26.4	C>G	3
336	30.5	26.4	C>T	14
336	30.5	26.4	CpG>TpG	12
336	30.5	26.4	T>A	2
336	30.5	26.4	T>C	9
336	30.5	26.4	T>G	7
337	32.3	28.2	C>A	4
337	32.3	28.2	C>G	7
337	32.3	28.2	C>T	16
337	32.3	28.2	CpG>TpG	13
337	32.3	28.2	T>A	5
337	32.3	28.2	T>C	19
337	32.3	28.2	T>G	7
338	34.6	30.5	C>A	9
338	34.6	30.5	C>G	6
338	34.6	30.5	C>T	20
338	34.6	30.5	CpG>TpG	13
338	34.6	30.5	T>A	4
338	34.6	30.5	T>C	22
338	34.6	30.5	T>G	10
339	36.4	32.3	C>A	6
339	36.4	32.3	C>G	5
339	36.4	32.3	C>T	13
339	36.4	32.3	CpG>TpG	7
339	36.4	32.3	T>A	7
339	36.4	32.3	T>C	24
339	36.4	32.3	T>G	5
34	28.6	28.4	C>A	8
34	28.6	28.4	C>G	4
34	28.6	28.4	C>T	20
34	28.6	28.4	CpG>TpG	9
34	28.6	28.4	T>A	9
34	28.6	28.4	T>C	14
34	28.6	28.4	T>G	5
340	34	33.7	C>A	7
340	34	33.7	C>G	7
340	34	33.7	C>T	16
340	34	33.7	CpG>TpG	13
340	34	33.7	T>A	2
340	34	33.7	T>C	21
340	34	33.7	T>G	6
341	24	19.9	C>A	6
341	24	19.9	C>G	5
341	24	19.9	C>T	8
341	24	19.9	CpG>TpG	13
341	24	19.9	T>A	4
341	24	19.9	T>C	17
341	24	19.9	T>G	2
342	27.1	23.5	C>A	6
342	27.1	23.5	C>G	3
342	27.1	23.5	C>T	14
342	27.1	23.5	CpG>TpG	9
342	27.1	23.5	T>A	6
342	27.1	23.5	T>C	21
342	27.1	23.5	T>G	3
347	39.2	35.1	C>A	8
347	39.2	35.1	C>G	7
347	39.2	35.1	C>T	15
347	39.2	35.1	CpG>TpG	10
347	39.2	35.1	T>A	4
347	39.2	35.1	T>C	13
347	39.2	35.1	T>G	2
348	26.8	24.8	C>A	10
348	26.8	24.8	C>G	7
348	26.8	24.8	C>T	13
348	26.8	24.8	CpG>TpG	13
348	26.8	24.8	T>A	5
348	26.8	24.8	T>C	14
348	26.8	24.8	T>G	7
349	35.2	31.6	C>A	4
349	35.2	31.6	C>G	4
349	35.2	31.6	C>T	18
349	35.2	31.6	CpG>TpG	19
349	35.2	31.6	T>A	4
349	35.2	31.6	T>C	19
349	35.2	31.6	T>G	8
35	32.5	32.3	C>A	9
35	32.5	32.3	C>G	4
35	32.5	32.3	C>T	14
35	32.5	32.3	CpG>TpG	12
35	32.5	32.3	T>A	7
35	32.5	32.3	T>C	20
35	32.5	32.3	T>G	7
350	19.2	18.2	C>A	3
350	19.2	18.2	C>G	5
350	19.2	18.2	C>T	19
350	19.2	18.2	CpG>TpG	4
350	19.2	18.2	T>A	7
350	19.2	18.2	T>C	13
350	19.2	18.2	T>G	3
351	20.3	19.3	C>A	6
351	20.3	19.3	C>G	5
351	20.3	19.3	C>T	11
351	20.3	19.3	CpG>TpG	7
351	20.3	19.3	T>A	4
351	20.3	19.3	T>C	15
351	20.3	19.3	T>G	5
352	25.6	24.6	C>A	8
352	25.6	24.6	C>G	7
352	25.6	24.6	C>T	20
352	25.6	24.6	CpG>TpG	10
352	25.6	24.6	T>A	3
352	25.6	24.6	T>C	17
352	25.6	24.6	T>G	4
353	24	23	C>A	6
353	24	23	C>G	6
353	24	23	C>T	21
353	24	23	CpG>TpG	8
353	24	23	T>A	6
353	24	23	T>C	17
353	24	23	T>G	6
354	27.8	26.8	C>A	5
354	27.8	26.8	C>G	6
354	27.8	26.8	C>T	13
354	27.8	26.8	CpG>TpG	13
354	27.8	26.8	T>A	2
354	27.8	26.8	T>C	27
354	27.8	26.8	T>G	5
355	29.3	28.3	C>A	6
355	29.3	28.3	C>G	5
355	29.3	28.3	C>T	18
355	29.3	28.3	CpG>TpG	20
355	29.3	28.3	T>A	1
355	29.3	28.3	T>C	19
355	29.3	28.3	T>G	3
358	35.2	34.2	C>A	10
358	35.2	34.2	C>G	5
358	35.2	34.2	C>T	13
358	35.2	34.2	CpG>TpG	14
358	35.2	34.2	T>A	5
358	35.2	34.2	T>C	18
358	35.2	34.2	T>G	8
359	35.2	34	C>A	5
359	35.2	34	C>G	5
359	35.2	34	C>T	14
359	35.2	34	CpG>TpG	17
359	35.2	34	T>A	3
359	35.2	34	T>C	15
359	35.2	34	T>G	4
36	35.3	35.1	C>A	7
36	35.3	35.1	C>G	8
36	35.3	35.1	C>T	14
36	35.3	35.1	CpG>TpG	9
36	35.3	35.1	T>A	3
36	35.3	35.1	T>C	12
36	35.3	35.1	T>G	3
360	26.2	25	C>A	6
360	26.2	25	C>G	5
360	26.2	25	C>T	20
360	26.2	25	CpG>TpG	13
360	26.2	25	T>A	5
360	26.2	25	T>C	18
360	26.2	25	T>G	1
361	33.7	32.5	C>A	5
361	33.7	32.5	C>G	7
361	33.7	32.5	C>T	17
361	33.7	32.5	CpG>TpG	16
361	33.7	32.5	T>A	5
361	33.7	32.5	T>C	21
361	33.7	32.5	T>G	6
362	21.8	17.1	C>A	3
362	21.8	17.1	C>G	4
362	21.8	17.1	C>T	22
362	21.8	17.1	CpG>TpG	9
362	21.8	17.1	T>A	3
362	21.8	17.1	T>C	5
362	21.8	17.1	T>G	6
363	22.8	21.6	C>A	4
363	22.8	21.6	C>G	3
363	22.8	21.6	C>T	11
363	22.8	21.6	CpG>TpG	9
363	22.8	21.6	T>A	5
363	22.8	21.6	T>C	16
363	22.8	21.6	T>G	2
364	24.3	23.1	C>A	4
364	24.3	23.1	C>G	4
364	24.3	23.1	C>T	11
364	24.3	23.1	CpG>TpG	8
364	24.3	23.1	T>A	3
364	24.3	23.1	T>C	21
364	24.3	23.1	T>G	3
365	27	25.8	C>A	8
365	27	25.8	C>G	4
365	27	25.8	C>T	12
365	27	25.8	CpG>TpG	9
365	27	25.8	T>A	1
365	27	25.8	T>C	19
365	27	25.8	T>G	6
368	30.3	29.1	C>A	11
368	30.3	29.1	C>G	4
368	30.3	29.1	C>T	13
368	30.3	29.1	CpG>TpG	12
368	30.3	29.1	T>A	3
368	30.3	29.1	T>C	13
368	30.3	29.1	T>G	4
369	21.6	20.4	C>A	5
369	21.6	20.4	C>G	5
369	21.6	20.4	C>T	9
369	21.6	20.4	CpG>TpG	11
369	21.6	20.4	T>A	5
369	21.6	20.4	T>C	17
369	21.6	20.4	T>G	3
37	30.6	30.4	C>A	8
37	30.6	30.4	C>G	7
37	30.6	30.4	C>T	17
37	30.6	30.4	CpG>TpG	12
37	30.6	30.4	T>A	4
37	30.6	30.4	T>C	13
37	30.6	30.4	T>G	6
370	31.7	30.5	C>A	4
370	31.7	30.5	C>G	7
370	31.7	30.5	C>T	11
370	31.7	30.5	CpG>TpG	17
370	31.7	30.5	T>A	6
370	31.7	30.5	T>C	19
370	31.7	30.5	T>G	6
373	28.5	27.3	C>A	5
373	28.5	27.3	C>G	8
373	28.5	27.3	C>T	10
373	28.5	27.3	CpG>TpG	19
373	28.5	27.3	T>A	4
373	28.5	27.3	T>C	12
373	28.5	27.3	T>G	7
374	40.3	39.1	C>A	7
374	40.3	39.1	C>G	6
374	40.3	39.1	C>T	13
374	40.3	39.1	CpG>TpG	13
374	40.3	39.1	T>A	6
374	40.3	39.1	T>C	23
374	40.3	39.1	T>G	11
375	37.9	36.7	C>A	11
375	37.9	36.7	C>G	8
375	37.9	36.7	C>T	17
375	37.9	36.7	CpG>TpG	17
375	37.9	36.7	T>A	2
375	37.9	36.7	T>C	12
375	37.9	36.7	T>G	8
376	42.8	36.1	C>A	8
376	42.8	36.1	C>G	8
376	42.8	36.1	C>T	19
376	42.8	36.1	CpG>TpG	7
376	42.8	36.1	T>A	3
376	42.8	36.1	T>C	25
376	42.8	36.1	T>G	0
377	44.2	37.5	C>A	9
377	44.2	37.5	C>G	8
377	44.2	37.5	C>T	22
377	44.2	37.5	CpG>TpG	15
377	44.2	37.5	T>A	3
377	44.2	37.5	T>C	13
377	44.2	37.5	T>G	6
378	46.4	39.7	C>A	6
378	46.4	39.7	C>G	15
378	46.4	39.7	C>T	29
378	46.4	39.7	CpG>TpG	16
378	46.4	39.7	T>A	7
378	46.4	39.7	T>C	28
378	46.4	39.7	T>G	9
379	48.6	41.9	C>A	10
379	48.6	41.9	C>G	7
379	48.6	41.9	C>T	23
379	48.6	41.9	CpG>TpG	15
379	48.6	41.9	T>A	0
379	48.6	41.9	T>C	35
379	48.6	41.9	T>G	7
38	37.4	37.2	C>A	11
38	37.4	37.2	C>G	3
38	37.4	37.2	C>T	15
38	37.4	37.2	CpG>TpG	19
38	37.4	37.2	T>A	7
38	37.4	37.2	T>C	16
38	37.4	37.2	T>G	3
380	29.9	21.3	C>A	9
380	29.9	21.3	C>G	6
380	29.9	21.3	C>T	17
380	29.9	21.3	CpG>TpG	11
380	29.9	21.3	T>A	6
380	29.9	21.3	T>C	22
380	29.9	21.3	T>G	12
381	34.3	27.6	C>A	7
381	34.3	27.6	C>G	8
381	34.3	27.6	C>T	17
381	34.3	27.6	CpG>TpG	12
381	34.3	27.6	T>A	5
381	34.3	27.6	T>C	15
381	34.3	27.6	T>G	10
382	33.1	26.4	C>A	7
382	33.1	26.4	C>G	7
382	33.1	26.4	C>T	9
382	33.1	26.4	CpG>TpG	13
382	33.1	26.4	T>A	3
382	33.1	26.4	T>C	18
382	33.1	26.4	T>G	1
383	31.6	24.9	C>A	10
383	31.6	24.9	C>G	7
383	31.6	24.9	C>T	12
383	31.6	24.9	CpG>TpG	13
383	31.6	24.9	T>A	7
383	31.6	24.9	T>C	15
383	31.6	24.9	T>G	7
384	30	23.3	C>A	4
384	30	23.3	C>G	4
384	30	23.3	C>T	20
384	30	23.3	CpG>TpG	19
384	30	23.3	T>A	4
384	30	23.3	T>C	16
384	30	23.3	T>G	3
385	37	30.3	C>A	5
385	37	30.3	C>G	5
385	37	30.3	C>T	12
385	37	30.3	CpG>TpG	20
385	37	30.3	T>A	5
385	37	30.3	T>C	23
385	37	30.3	T>G	10
386	39.4	32.7	C>A	7
386	39.4	32.7	C>G	4
386	39.4	32.7	C>T	30
386	39.4	32.7	CpG>TpG	9
386	39.4	32.7	T>A	6
386	39.4	32.7	T>C	20
386	39.4	32.7	T>G	4
387	47.2	34	C>A	12
387	47.2	34	C>G	13
387	47.2	34	C>T	29
387	47.2	34	CpG>TpG	16
387	47.2	34	T>A	5
387	47.2	34	T>C	26
387	47.2	34	T>G	5
39	34	37.1	C>A	9
39	34	37.1	C>G	12
39	34	37.1	C>T	20
39	34	37.1	CpG>TpG	9
39	34	37.1	T>A	5
39	34	37.1	T>C	22
39	34	37.1	T>G	2
390	38.4	31.7	C>A	8
390	38.4	31.7	C>G	6
390	38.4	31.7	C>T	19
390	38.4	31.7	CpG>TpG	13
390	38.4	31.7	T>A	2
390	38.4	31.7	T>C	22
390	38.4	31.7	T>G	7
393	26.5	19.8	C>A	5
393	26.5	19.8	C>G	5
393	26.5	19.8	C>T	16
393	26.5	19.8	CpG>TpG	12
393	26.5	19.8	T>A	2
393	26.5	19.8	T>C	19
393	26.5	19.8	T>G	3
394	27.8	21.1	C>A	5
394	27.8	21.1	C>G	6
394	27.8	21.1	C>T	13
394	27.8	21.1	CpG>TpG	9
394	27.8	21.1	T>A	5
394	27.8	21.1	T>C	17
394	27.8	21.1	T>G	5
395	30.7	27.6	C>A	8
395	30.7	27.6	C>G	5
395	30.7	27.6	C>T	16
395	30.7	27.6	CpG>TpG	15
395	30.7	27.6	T>A	5
395	30.7	27.6	T>C	17
395	30.7	27.6	T>G	2
396	32.8	29.7	C>A	5
396	32.8	29.7	C>G	8
396	32.8	29.7	C>T	28
396	32.8	29.7	CpG>TpG	17
396	32.8	29.7	T>A	4
396	32.8	29.7	T>C	26
396	32.8	29.7	T>G	4
397	36.4	33.3	C>A	12
397	36.4	33.3	C>G	10
397	36.4	33.3	C>T	20
397	36.4	33.3	CpG>TpG	13
397	36.4	33.3	T>A	1
397	36.4	33.3	T>C	17
397	36.4	33.3	T>G	4
398	34.6	31.5	C>A	6
398	34.6	31.5	C>G	12
398	34.6	31.5	C>T	16
398	34.6	31.5	CpG>TpG	13
398	34.6	31.5	T>A	3
398	34.6	31.5	T>C	23
398	34.6	31.5	T>G	4
399	40.6	35.7	C>A	7
399	40.6	35.7	C>G	7
399	40.6	35.7	C>T	16
399	40.6	35.7	CpG>TpG	11
399	40.6	35.7	T>A	6
399	40.6	35.7	T>C	18
399	40.6	35.7	T>G	11
4	26.6	21.6	C>A	4
4	26.6	21.6	C>G	2
4	26.6	21.6	C>T	11
4	26.6	21.6	CpG>TpG	10
4	26.6	21.6	T>A	4
4	26.6	21.6	T>C	15
4	26.6	21.6	T>G	6
40	27.6	29.3	C>A	4
40	27.6	29.3	C>G	3
40	27.6	29.3	C>T	11
40	27.6	29.3	CpG>TpG	13
40	27.6	29.3	T>A	5
40	27.6	29.3	T>C	16
40	27.6	29.3	T>G	3
400	39.5	34.3	C>A	14
400	39.5	34.3	C>G	7
400	39.5	34.3	C>T	19
400	39.5	34.3	CpG>TpG	24
400	39.5	34.3	T>A	7
400	39.5	34.3	T>C	26
400	39.5	34.3	T>G	7
401	37.6	32.4	C>A	7
401	37.6	32.4	C>G	7
401	37.6	32.4	C>T	21
401	37.6	32.4	CpG>TpG	12
401	37.6	32.4	T>A	6
401	37.6	32.4	T>C	33
401	37.6	32.4	T>G	11
403	38.4	35.3	C>A	4
403	38.4	35.3	C>G	8
403	38.4	35.3	C>T	24
403	38.4	35.3	CpG>TpG	16
403	38.4	35.3	T>A	6
403	38.4	35.3	T>C	12
403	38.4	35.3	T>G	8
41	35.6	27.2	C>A	6
41	35.6	27.2	C>G	6
41	35.6	27.2	C>T	11
41	35.6	27.2	CpG>TpG	14
41	35.6	27.2	T>A	4
41	35.6	27.2	T>C	15
41	35.6	27.2	T>G	4
412	43	37.8	C>A	9
412	43	37.8	C>G	8
412	43	37.8	C>T	22
412	43	37.8	CpG>TpG	19
412	43	37.8	T>A	9
412	43	37.8	T>C	23
412	43	37.8	T>G	5
413	35	34	C>A	5
413	35	34	C>G	6
413	35	34	C>T	11
413	35	34	CpG>TpG	14
413	35	34	T>A	2
413	35	34	T>C	10
413	35	34	T>G	7
414	36.7	35.7	C>A	11
414	36.7	35.7	C>G	5
414	36.7	35.7	C>T	23
414	36.7	35.7	CpG>TpG	16
414	36.7	35.7	T>A	3
414	36.7	35.7	T>C	19
414	36.7	35.7	T>G	3
415	41.1	40.1	C>A	8
415	41.1	40.1	C>G	10
415	41.1	40.1	C>T	28
415	41.1	40.1	CpG>TpG	13
415	41.1	40.1	T>A	6
415	41.1	40.1	T>C	21
415	41.1	40.1	T>G	7
416	37.8	33.2	C>A	6
416	37.8	33.2	C>G	3
416	37.8	33.2	C>T	18
416	37.8	33.2	CpG>TpG	13
416	37.8	33.2	T>A	6
416	37.8	33.2	T>C	28
416	37.8	33.2	T>G	8
417	39.6	35	C>A	5
417	39.6	35	C>G	10
417	39.6	35	C>T	17
417	39.6	35	CpG>TpG	8
417	39.6	35	T>A	2
417	39.6	35	T>C	27
417	39.6	35	T>G	6
418	41.7	37.1	C>A	11
418	41.7	37.1	C>G	3
418	41.7	37.1	C>T	22
418	41.7	37.1	CpG>TpG	21
418	41.7	37.1	T>A	6
418	41.7	37.1	T>C	26
418	41.7	37.1	T>G	6
419	44.2	39.6	C>A	11
419	44.2	39.6	C>G	5
419	44.2	39.6	C>T	14
419	44.2	39.6	CpG>TpG	15
419	44.2	39.6	T>A	5
419	44.2	39.6	T>C	23
419	44.2	39.6	T>G	3
42	33.9	25.5	C>A	5
42	33.9	25.5	C>G	6
42	33.9	25.5	C>T	19
42	33.9	25.5	CpG>TpG	13
42	33.9	25.5	T>A	8
42	33.9	25.5	T>C	20
42	33.9	25.5	T>G	4
420	40.3	37.2	C>A	11
420	40.3	37.2	C>G	8
420	40.3	37.2	C>T	20
420	40.3	37.2	CpG>TpG	21
420	40.3	37.2	T>A	4
420	40.3	37.2	T>C	23
420	40.3	37.2	T>G	16
421	23.3	22.3	C>A	13
421	23.3	22.3	C>G	7
421	23.3	22.3	C>T	18
421	23.3	22.3	CpG>TpG	10
421	23.3	22.3	T>A	4
421	23.3	22.3	T>C	18
421	23.3	22.3	T>G	6
422	24.2	23.2	C>A	5
422	24.2	23.2	C>G	8
422	24.2	23.2	C>T	10
422	24.2	23.2	CpG>TpG	12
422	24.2	23.2	T>A	3
422	24.2	23.2	T>C	7
422	24.2	23.2	T>G	1
424	27.2	26.2	C>A	5
424	27.2	26.2	C>G	8
424	27.2	26.2	C>T	9
424	27.2	26.2	CpG>TpG	18
424	27.2	26.2	T>A	4
424	27.2	26.2	T>C	16
424	27.2	26.2	T>G	8
425	25	21.9	C>A	9
425	25	21.9	C>G	6
425	25	21.9	C>T	18
425	25	21.9	CpG>TpG	6
425	25	21.9	T>A	0
425	25	21.9	T>C	23
425	25	21.9	T>G	6
426	37.4	25.8	C>A	11
426	37.4	25.8	C>G	11
426	37.4	25.8	C>T	13
426	37.4	25.8	CpG>TpG	17
426	37.4	25.8	T>A	6
426	37.4	25.8	T>C	18
426	37.4	25.8	T>G	12
427	28.3	27.3	C>A	6
427	28.3	27.3	C>G	9
427	28.3	27.3	C>T	25
427	28.3	27.3	CpG>TpG	10
427	28.3	27.3	T>A	3
427	28.3	27.3	T>C	7
427	28.3	27.3	T>G	1
428	24.9	23.5	C>A	7
428	24.9	23.5	C>G	1
428	24.9	23.5	C>T	14
428	24.9	23.5	CpG>TpG	23
428	24.9	23.5	T>A	5
428	24.9	23.5	T>C	12
428	24.9	23.5	T>G	4
429	26.6	23.5	C>A	6
429	26.6	23.5	C>G	2
429	26.6	23.5	C>T	17
429	26.6	23.5	CpG>TpG	8
429	26.6	23.5	T>A	1
429	26.6	23.5	T>C	25
429	26.6	23.5	T>G	5
430	28.6	25.5	C>A	7
430	28.6	25.5	C>G	6
430	28.6	25.5	C>T	12
430	28.6	25.5	CpG>TpG	11
430	28.6	25.5	T>A	2
430	28.6	25.5	T>C	26
430	28.6	25.5	T>G	3
431	29.3	33.6	C>A	8
431	29.3	33.6	C>G	8
431	29.3	33.6	C>T	25
431	29.3	33.6	CpG>TpG	12
431	29.3	33.6	T>A	5
431	29.3	33.6	T>C	8
431	29.3	33.6	T>G	5
432	27.5	26.1	C>A	8
432	27.5	26.1	C>G	7
432	27.5	26.1	C>T	13
432	27.5	26.1	CpG>TpG	8
432	27.5	26.1	T>A	0
432	27.5	26.1	T>C	14
432	27.5	26.1	T>G	4
44	40.4	32	C>A	8
44	40.4	32	C>G	9
44	40.4	32	C>T	18
44	40.4	32	CpG>TpG	12
44	40.4	32	T>A	2
44	40.4	32	T>C	23
44	40.4	32	T>G	7
444	31.2	19.6	C>A	9
444	31.2	19.6	C>G	3
444	31.2	19.6	C>T	15
444	31.2	19.6	CpG>TpG	9
444	31.2	19.6	T>A	10
444	31.2	19.6	T>C	14
444	31.2	19.6	T>G	4
445	34	26.2	C>A	6
445	34	26.2	C>G	9
445	34	26.2	C>T	15
445	34	26.2	CpG>TpG	11
445	34	26.2	T>A	5
445	34	26.2	T>C	26
445	34	26.2	T>G	5
446	34.6	29.7	C>A	7
446	34.6	29.7	C>G	6
446	34.6	29.7	C>T	23
446	34.6	29.7	CpG>TpG	12
446	34.6	29.7	T>A	3
446	34.6	29.7	T>C	19
446	34.6	29.7	T>G	7
447	26.9	22	C>A	8
447	26.9	22	C>G	5
447	26.9	22	C>T	17
447	26.9	22	CpG>TpG	18
447	26.9	22	T>A	2
447	26.9	22	T>C	18
447	26.9	22	T>G	5
448	28.3	23.4	C>A	7
448	28.3	23.4	C>G	6
448	28.3	23.4	C>T	13
448	28.3	23.4	CpG>TpG	8
448	28.3	23.4	T>A	3
448	28.3	23.4	T>C	20
448	28.3	23.4	T>G	8
449	25.2	20	C>A	3
449	25.2	20	C>G	3
449	25.2	20	C>T	10
449	25.2	20	CpG>TpG	10
449	25.2	20	T>A	4
449	25.2	20	T>C	10
449	25.2	20	T>G	2
45	38.2	29.8	C>A	10
45	38.2	29.8	C>G	12
45	38.2	29.8	C>T	16
45	38.2	29.8	CpG>TpG	17
45	38.2	29.8	T>A	2
45	38.2	29.8	T>C	24
45	38.2	29.8	T>G	4
450	26.4	21.2	C>A	4
450	26.4	21.2	C>G	3
450	26.4	21.2	C>T	9
450	26.4	21.2	CpG>TpG	14
450	26.4	21.2	T>A	6
450	26.4	21.2	T>C	16
450	26.4	21.2	T>G	5
451	27.6	22.4	C>A	8
451	27.6	22.4	C>G	8
451	27.6	22.4	C>T	9
451	27.6	22.4	CpG>TpG	9
451	27.6	22.4	T>A	6
451	27.6	22.4	T>C	20
451	27.6	22.4	T>G	2
452	29.9	24.7	C>A	2
452	29.9	24.7	C>G	4
452	29.9	24.7	C>T	15
452	29.9	24.7	CpG>TpG	15
452	29.9	24.7	T>A	3
452	29.9	24.7	T>C	21
452	29.9	24.7	T>G	4
453	31.9	26.7	C>A	5
453	31.9	26.7	C>G	3
453	31.9	26.7	C>T	11
453	31.9	26.7	CpG>TpG	13
453	31.9	26.7	T>A	6
453	31.9	26.7	T>C	22
453	31.9	26.7	T>G	4
454	38.7	27.1	C>A	9
454	38.7	27.1	C>G	6
454	38.7	27.1	C>T	22
454	38.7	27.1	CpG>TpG	18
454	38.7	27.1	T>A	5
454	38.7	27.1	T>C	23
454	38.7	27.1	T>G	4
455	23.8	19.7	C>A	7
455	23.8	19.7	C>G	8
455	23.8	19.7	C>T	16
455	23.8	19.7	CpG>TpG	7
455	23.8	19.7	T>A	0
455	23.8	19.7	T>C	14
455	23.8	19.7	T>G	3
460	30.5	25.9	C>A	5
460	30.5	25.9	C>G	7
460	30.5	25.9	C>T	17
460	30.5	25.9	CpG>TpG	10
460	30.5	25.9	T>A	6
460	30.5	25.9	T>C	8
460	30.5	25.9	T>G	5
461	32.6	21	C>A	9
461	32.6	21	C>G	9
461	32.6	21	C>T	22
461	32.6	21	CpG>TpG	11
461	32.6	21	T>A	9
461	32.6	21	T>C	16
461	32.6	21	T>G	8
462	27.5	23.4	C>A	8
462	27.5	23.4	C>G	10
462	27.5	23.4	C>T	13
462	27.5	23.4	CpG>TpG	13
462	27.5	23.4	T>A	7
462	27.5	23.4	T>C	12
462	27.5	23.4	T>G	6
463	32.1	27.2	C>A	13
463	32.1	27.2	C>G	3
463	32.1	27.2	C>T	16
463	32.1	27.2	CpG>TpG	14
463	32.1	27.2	T>A	1
463	32.1	27.2	T>C	21
463	32.1	27.2	T>G	4
464	30.4	25.5	C>A	7
464	30.4	25.5	C>G	7
464	30.4	25.5	C>T	15
464	30.4	25.5	CpG>TpG	8
464	30.4	25.5	T>A	7
464	30.4	25.5	T>C	14
464	30.4	25.5	T>G	6
465	32.9	28.3	C>A	8
465	32.9	28.3	C>G	5
465	32.9	28.3	C>T	21
465	32.9	28.3	CpG>TpG	12
465	32.9	28.3	T>A	5
465	32.9	28.3	T>C	14
465	32.9	28.3	T>G	7
466	25	20.4	C>A	2
466	25	20.4	C>G	3
466	25	20.4	C>T	15
466	25	20.4	CpG>TpG	8
466	25	20.4	T>A	7
466	25	20.4	T>C	14
466	25	20.4	T>G	4
469	34.3	29.7	C>A	8
469	34.3	29.7	C>G	7
469	34.3	29.7	C>T	23
469	34.3	29.7	CpG>TpG	13
469	34.3	29.7	T>A	5
469	34.3	29.7	T>C	23
469	34.3	29.7	T>G	3
47	42.2	33.8	C>A	4
47	42.2	33.8	C>G	2
47	42.2	33.8	C>T	16
47	42.2	33.8	CpG>TpG	19
47	42.2	33.8	T>A	6
47	42.2	33.8	T>C	19
47	42.2	33.8	T>G	6
470	36.2	31.6	C>A	8
470	36.2	31.6	C>G	5
470	36.2	31.6	C>T	17
470	36.2	31.6	CpG>TpG	12
470	36.2	31.6	T>A	4
470	36.2	31.6	T>C	16
470	36.2	31.6	T>G	7
471	38.4	33.5	C>A	4
471	38.4	33.5	C>G	6
471	38.4	33.5	C>T	10
471	38.4	33.5	CpG>TpG	14
471	38.4	33.5	T>A	3
471	38.4	33.5	T>C	19
471	38.4	33.5	T>G	8
472	36.6	31.7	C>A	4
472	36.6	31.7	C>G	5
472	36.6	31.7	C>T	17
472	36.6	31.7	CpG>TpG	17
472	36.6	31.7	T>A	3
472	36.6	31.7	T>C	11
472	36.6	31.7	T>G	5
473	34.2	29	C>A	5
473	34.2	29	C>G	5
473	34.2	29	C>T	15
473	34.2	29	CpG>TpG	18
473	34.2	29	T>A	10
473	34.2	29	T>C	12
473	34.2	29	T>G	3
474	31.6	30.6	C>A	6
474	31.6	30.6	C>G	10
474	31.6	30.6	C>T	14
474	31.6	30.6	CpG>TpG	14
474	31.6	30.6	T>A	3
474	31.6	30.6	T>C	22
474	31.6	30.6	T>G	2
475	32.9	31.9	C>A	8
475	32.9	31.9	C>G	5
475	32.9	31.9	C>T	20
475	32.9	31.9	CpG>TpG	10
475	32.9	31.9	T>A	5
475	32.9	31.9	T>C	16
475	32.9	31.9	T>G	5
476	26.5	21.9	C>A	5
476	26.5	21.9	C>G	7
476	26.5	21.9	C>T	15
476	26.5	21.9	CpG>TpG	11
476	26.5	21.9	T>A	5
476	26.5	21.9	T>C	13
476	26.5	21.9	T>G	7
477	27.9	23.3	C>A	6
477	27.9	23.3	C>G	6
477	27.9	23.3	C>T	17
477	27.9	23.3	CpG>TpG	14
477	27.9	23.3	T>A	2
477	27.9	23.3	T>C	12
477	27.9	23.3	T>G	6
478	41	39.6	C>A	10
478	41	39.6	C>G	8
478	41	39.6	C>T	19
478	41	39.6	CpG>TpG	18
478	41	39.6	T>A	4
478	41	39.6	T>C	18
478	41	39.6	T>G	8
479	43.3	41.9	C>A	5
479	43.3	41.9	C>G	4
479	43.3	41.9	C>T	17
479	43.3	41.9	CpG>TpG	21
479	43.3	41.9	T>A	9
479	43.3	41.9	T>C	36
479	43.3	41.9	T>G	8
48	36.9	31.6	C>A	7
48	36.9	31.6	C>G	9
48	36.9	31.6	C>T	12
48	36.9	31.6	CpG>TpG	23
48	36.9	31.6	T>A	7
48	36.9	31.6	T>C	23
48	36.9	31.6	T>G	8
482	21.4	20	C>A	6
482	21.4	20	C>G	2
482	21.4	20	C>T	13
482	21.4	20	CpG>TpG	13
482	21.4	20	T>A	5
482	21.4	20	T>C	14
482	21.4	20	T>G	6
485	36.5	35.1	C>A	9
485	36.5	35.1	C>G	9
485	36.5	35.1	C>T	21
485	36.5	35.1	CpG>TpG	10
485	36.5	35.1	T>A	7
485	36.5	35.1	T>C	22
485	36.5	35.1	T>G	3
486	27.3	25.9	C>A	6
486	27.3	25.9	C>G	5
486	27.3	25.9	C>T	9
486	27.3	25.9	CpG>TpG	14
486	27.3	25.9	T>A	4
486	27.3	25.9	T>C	14
486	27.3	25.9	T>G	6
487	23	21.6	C>A	9
487	23	21.6	C>G	4
487	23	21.6	C>T	15
487	23	21.6	CpG>TpG	9
487	23	21.6	T>A	5
487	23	21.6	T>C	17
487	23	21.6	T>G	5
488	24.4	23	C>A	6
488	24.4	23	C>G	2
488	24.4	23	C>T	21
488	24.4	23	CpG>TpG	7
488	24.4	23	T>A	1
488	24.4	23	T>C	14
488	24.4	23	T>G	4
489	23.9	22.5	C>A	4
489	23.9	22.5	C>G	4
489	23.9	22.5	C>T	17
489	23.9	22.5	CpG>TpG	10
489	23.9	22.5	T>A	4
489	23.9	22.5	T>C	14
489	23.9	22.5	T>G	3
49	25	23.2	C>A	5
49	25	23.2	C>G	9
49	25	23.2	C>T	9
49	25	23.2	CpG>TpG	11
49	25	23.2	T>A	2
49	25	23.2	T>C	20
49	25	23.2	T>G	4
490	29.1	27.7	C>A	7
490	29.1	27.7	C>G	11
490	29.1	27.7	C>T	16
490	29.1	27.7	CpG>TpG	9
490	29.1	27.7	T>A	2
490	29.1	27.7	T>C	17
490	29.1	27.7	T>G	4
491	26	24.6	C>A	7
491	26	24.6	C>G	6
491	26	24.6	C>T	11
491	26	24.6	CpG>TpG	13
491	26	24.6	T>A	2
491	26	24.6	T>C	15
491	26	24.6	T>G	2
492	33.8	32.4	C>A	9
492	33.8	32.4	C>G	11
492	33.8	32.4	C>T	13
492	33.8	32.4	CpG>TpG	14
492	33.8	32.4	T>A	9
492	33.8	32.4	T>C	21
492	33.8	32.4	T>G	8
493	31.1	29.7	C>A	5
493	31.1	29.7	C>G	3
493	31.1	29.7	C>T	16
493	31.1	29.7	CpG>TpG	13
493	31.1	29.7	T>A	6
493	31.1	29.7	T>C	15
493	31.1	29.7	T>G	6
494	21	20.5	C>A	8
494	21	20.5	C>G	7
494	21	20.5	C>T	10
494	21	20.5	CpG>TpG	9
494	21	20.5	T>A	5
494	21	20.5	T>C	24
494	21	20.5	T>G	2
495	26.3	23	C>A	5
495	26.3	23	C>G	6
495	26.3	23	C>T	12
495	26.3	23	CpG>TpG	16
495	26.3	23	T>A	6
495	26.3	23	T>C	20
495	26.3	23	T>G	8
497	31.7	28.4	C>A	9
497	31.7	28.4	C>G	7
497	31.7	28.4	C>T	15
497	31.7	28.4	CpG>TpG	19
497	31.7	28.4	T>A	7
497	31.7	28.4	T>C	11
497	31.7	28.4	T>G	3
5	42.9	35.7	C>A	8
5	42.9	35.7	C>G	6
5	42.9	35.7	C>T	14
5	42.9	35.7	CpG>TpG	15
5	42.9	35.7	T>A	4
5	42.9	35.7	T>C	12
5	42.9	35.7	T>G	8
503	46.3	43	C>A	11
503	46.3	43	C>G	15
503	46.3	43	C>T	27
503	46.3	43	CpG>TpG	19
503	46.3	43	T>A	10
503	46.3	43	T>C	19
503	46.3	43	T>G	11
504	28.2	24.9	C>A	4
504	28.2	24.9	C>G	9
504	28.2	24.9	C>T	18
504	28.2	24.9	CpG>TpG	11
504	28.2	24.9	T>A	4
504	28.2	24.9	T>C	8
504	28.2	24.9	T>G	4
505	26.8	21.7	C>A	11
505	26.8	21.7	C>G	9
505	26.8	21.7	C>T	13
505	26.8	21.7	CpG>TpG	14
505	26.8	21.7	T>A	1
505	26.8	21.7	T>C	9
505	26.8	21.7	T>G	3
506	27.9	22.8	C>A	2
506	27.9	22.8	C>G	6
506	27.9	22.8	C>T	11
506	27.9	22.8	CpG>TpG	5
506	27.9	22.8	T>A	4
506	27.9	22.8	T>C	12
506	27.9	22.8	T>G	2
507	32.7	27.6	C>A	5
507	32.7	27.6	C>G	2
507	32.7	27.6	C>T	12
507	32.7	27.6	CpG>TpG	8
507	32.7	27.6	T>A	4
507	32.7	27.6	T>C	11
507	32.7	27.6	T>G	2
508	27.5	26.6	C>A	5
508	27.5	26.6	C>G	4
508	27.5	26.6	C>T	17
508	27.5	26.6	CpG>TpG	10
508	27.5	26.6	T>A	4
508	27.5	26.6	T>C	16
508	27.5	26.6	T>G	2
509	34.2	29.1	C>A	2
509	34.2	29.1	C>G	4
509	34.2	29.1	C>T	15
509	34.2	29.1	CpG>TpG	7
509	34.2	29.1	T>A	6
509	34.2	29.1	T>C	18
509	34.2	29.1	T>G	5
510	35.3	30.2	C>A	9
510	35.3	30.2	C>G	11
510	35.3	30.2	C>T	14
510	35.3	30.2	CpG>TpG	8
510	35.3	30.2	T>A	2
510	35.3	30.2	T>C	16
510	35.3	30.2	T>G	8
512	23.2	23	C>A	3
512	23.2	23	C>G	5
512	23.2	23	C>T	15
512	23.2	23	CpG>TpG	15
512	23.2	23	T>A	6
512	23.2	23	T>C	15
512	23.2	23	T>G	6
513	29.4	24.3	C>A	7
513	29.4	24.3	C>G	6
513	29.4	24.3	C>T	11
513	29.4	24.3	CpG>TpG	15
513	29.4	24.3	T>A	5
513	29.4	24.3	T>C	12
513	29.4	24.3	T>G	7
514	30.8	25.7	C>A	5
514	30.8	25.7	C>G	10
514	30.8	25.7	C>T	17
514	30.8	25.7	CpG>TpG	12
514	30.8	25.7	T>A	3
514	30.8	25.7	T>C	19
514	30.8	25.7	T>G	5
518	26.8	25.4	C>A	8
518	26.8	25.4	C>G	8
518	26.8	25.4	C>T	16
518	26.8	25.4	CpG>TpG	9
518	26.8	25.4	T>A	1
518	26.8	25.4	T>C	20
518	26.8	25.4	T>G	0
519	37.3	29.6	C>A	6
519	37.3	29.6	C>G	9
519	37.3	29.6	C>T	19
519	37.3	29.6	CpG>TpG	13
519	37.3	29.6	T>A	6
519	37.3	29.6	T>C	15
519	37.3	29.6	T>G	10
52	30	21.6	C>A	5
52	30	21.6	C>G	9
52	30	21.6	C>T	20
52	30	21.6	CpG>TpG	7
52	30	21.6	T>A	1
52	30	21.6	T>C	12
52	30	21.6	T>G	4
520	24.1	22.7	C>A	3
520	24.1	22.7	C>G	6
520	24.1	22.7	C>T	11
520	24.1	22.7	CpG>TpG	8
520	24.1	22.7	T>A	3
520	24.1	22.7	T>C	15
520	24.1	22.7	T>G	4
521	31.5	30.1	C>A	7
521	31.5	30.1	C>G	4
521	31.5	30.1	C>T	17
521	31.5	30.1	CpG>TpG	17
521	31.5	30.1	T>A	3
521	31.5	30.1	T>C	14
521	31.5	30.1	T>G	5
522	23	21.6	C>A	6
522	23	21.6	C>G	6
522	23	21.6	C>T	11
522	23	21.6	CpG>TpG	10
522	23	21.6	T>A	4
522	23	21.6	T>C	10
522	23	21.6	T>G	1
523	32.8	31.4	C>A	8
523	32.8	31.4	C>G	9
523	32.8	31.4	C>T	23
523	32.8	31.4	CpG>TpG	11
523	32.8	31.4	T>A	4
523	32.8	31.4	T>C	14
523	32.8	31.4	T>G	5
524	21.7	20.3	C>A	4
524	21.7	20.3	C>G	3
524	21.7	20.3	C>T	21
524	21.7	20.3	CpG>TpG	9
524	21.7	20.3	T>A	2
524	21.7	20.3	T>C	9
524	21.7	20.3	T>G	7
525	35.5	34.1	C>A	5
525	35.5	34.1	C>G	3
525	35.5	34.1	C>T	24
525	35.5	34.1	CpG>TpG	20
525	35.5	34.1	T>A	4
525	35.5	34.1	T>C	19
525	35.5	34.1	T>G	8
526	40	38.6	C>A	10
526	40	38.6	C>G	6
526	40	38.6	C>T	17
526	40	38.6	CpG>TpG	19
526	40	38.6	T>A	4
526	40	38.6	T>C	22
526	40	38.6	T>G	3
527	42.8	41.4	C>A	7
527	42.8	41.4	C>G	8
527	42.8	41.4	C>T	15
527	42.8	41.4	CpG>TpG	16
527	42.8	41.4	T>A	6
527	42.8	41.4	T>C	18
527	42.8	41.4	T>G	2
53	32.6	24.2	C>A	2
53	32.6	24.2	C>G	1
53	32.6	24.2	C>T	20
53	32.6	24.2	CpG>TpG	12
53	32.6	24.2	T>A	5
53	32.6	24.2	T>C	23
53	32.6	24.2	T>G	1
530	31.7	35	C>A	8
530	31.7	35	C>G	4
530	31.7	35	C>T	11
530	31.7	35	CpG>TpG	12
530	31.7	35	T>A	6
530	31.7	35	T>C	23
530	31.7	35	T>G	12
533	25.8	24.4	C>A	6
533	25.8	24.4	C>G	6
533	25.8	24.4	C>T	13
533	25.8	24.4	CpG>TpG	7
533	25.8	24.4	T>A	4
533	25.8	24.4	T>C	18
533	25.8	24.4	T>G	6
534	28.7	27.3	C>A	7
534	28.7	27.3	C>G	6
534	28.7	27.3	C>T	9
534	28.7	27.3	CpG>TpG	13
534	28.7	27.3	T>A	7
534	28.7	27.3	T>C	15
534	28.7	27.3	T>G	3
535	24.5	23.3	C>A	4
535	24.5	23.3	C>G	8
535	24.5	23.3	C>T	13
535	24.5	23.3	CpG>TpG	12
535	24.5	23.3	T>A	3
535	24.5	23.3	T>C	7
535	24.5	23.3	T>G	1
536	32.6	31.4	C>A	3
536	32.6	31.4	C>G	2
536	32.6	31.4	C>T	16
536	32.6	31.4	CpG>TpG	7
536	32.6	31.4	T>A	3
536	32.6	31.4	T>C	11
536	32.6	31.4	T>G	6
537	22.4	21.2	C>A	4
537	22.4	21.2	C>G	2
537	22.4	21.2	C>T	9
537	22.4	21.2	CpG>TpG	9
537	22.4	21.2	T>A	10
537	22.4	21.2	T>C	13
537	22.4	21.2	T>G	2
538	32.7	27	C>A	6
538	32.7	27	C>G	3
538	32.7	27	C>T	11
538	32.7	27	CpG>TpG	13
538	32.7	27	T>A	6
538	32.7	27	T>C	20
538	32.7	27	T>G	5
539	34.5	33.3	C>A	12
539	34.5	33.3	C>G	4
539	34.5	33.3	C>T	20
539	34.5	33.3	CpG>TpG	24
539	34.5	33.3	T>A	9
539	34.5	33.3	T>C	16
539	34.5	33.3	T>G	11
54	20.8	19.9	C>A	6
54	20.8	19.9	C>G	2
54	20.8	19.9	C>T	7
54	20.8	19.9	CpG>TpG	10
54	20.8	19.9	T>A	4
54	20.8	19.9	T>C	10
54	20.8	19.9	T>G	4
540	35.9	34.7	C>A	9
540	35.9	34.7	C>G	8
540	35.9	34.7	C>T	18
540	35.9	34.7	CpG>TpG	19
540	35.9	34.7	T>A	6
540	35.9	34.7	T>C	19
540	35.9	34.7	T>G	7
541	27.7	26.9	C>A	2
541	27.7	26.9	C>G	2
541	27.7	26.9	C>T	19
541	27.7	26.9	CpG>TpG	15
541	27.7	26.9	T>A	4
541	27.7	26.9	T>C	17
541	27.7	26.9	T>G	8
542	28.9	27.7	C>A	5
542	28.9	27.7	C>G	8
542	28.9	27.7	C>T	13
542	28.9	27.7	CpG>TpG	10
542	28.9	27.7	T>A	4
542	28.9	27.7	T>C	13
542	28.9	27.7	T>G	6
545	21.2	20	C>A	5
545	21.2	20	C>G	4
545	21.2	20	C>T	12
545	21.2	20	CpG>TpG	9
545	21.2	20	T>A	3
545	21.2	20	T>C	13
545	21.2	20	T>G	6
548	26.1	24.9	C>A	6
548	26.1	24.9	C>G	5
548	26.1	24.9	C>T	12
548	26.1	24.9	CpG>TpG	16
548	26.1	24.9	T>A	5
548	26.1	24.9	T>C	11
548	26.1	24.9	T>G	6
549	29.5	25.5	C>A	10
549	29.5	25.5	C>G	5
549	29.5	25.5	C>T	20
549	29.5	25.5	CpG>TpG	7
549	29.5	25.5	T>A	3
549	29.5	25.5	T>C	15
549	29.5	25.5	T>G	5
55	32.3	31.4	C>A	9
55	32.3	31.4	C>G	7
55	32.3	31.4	C>T	7
55	32.3	31.4	CpG>TpG	13
55	32.3	31.4	T>A	3
55	32.3	31.4	T>C	19
55	32.3	31.4	T>G	4
551	33.1	29.1	C>A	5
551	33.1	29.1	C>G	3
551	33.1	29.1	C>T	14
551	33.1	29.1	CpG>TpG	7
551	33.1	29.1	T>A	3
551	33.1	29.1	T>C	13
551	33.1	29.1	T>G	2
555	35.7	31.7	C>A	8
555	35.7	31.7	C>G	10
555	35.7	31.7	C>T	15
555	35.7	31.7	CpG>TpG	8
555	35.7	31.7	T>A	6
555	35.7	31.7	T>C	21
555	35.7	31.7	T>G	6
556	26.4	22.4	C>A	4
556	26.4	22.4	C>G	3
556	26.4	22.4	C>T	7
556	26.4	22.4	CpG>TpG	13
556	26.4	22.4	T>A	5
556	26.4	22.4	T>C	13
556	26.4	22.4	T>G	3
557	25.6	23.9	C>A	6
557	25.6	23.9	C>G	7
557	25.6	23.9	C>T	12
557	25.6	23.9	CpG>TpG	6
557	25.6	23.9	T>A	4
557	25.6	23.9	T>C	14
557	25.6	23.9	T>G	2
558	37.1	35.9	C>A	8
558	37.1	35.9	C>G	8
558	37.1	35.9	C>T	14
558	37.1	35.9	CpG>TpG	16
558	37.1	35.9	T>A	1
558	37.1	35.9	T>C	11
558	37.1	35.9	T>G	5
559	23.9	19.9	C>A	3
559	23.9	19.9	C>G	0
559	23.9	19.9	C>T	6
559	23.9	19.9	CpG>TpG	4
559	23.9	19.9	T>A	2
559	23.9	19.9	T>C	6
559	23.9	19.9	T>G	3
56	33.2	31.4	C>A	6
56	33.2	31.4	C>G	7
56	33.2	31.4	C>T	28
56	33.2	31.4	CpG>TpG	14
56	33.2	31.4	T>A	1
56	33.2	31.4	T>C	20
56	33.2	31.4	T>G	1
560	25.1	21.1	C>A	4
560	25.1	21.1	C>G	4
560	25.1	21.1	C>T	12
560	25.1	21.1	CpG>TpG	13
560	25.1	21.1	T>A	3
560	25.1	21.1	T>C	5
560	25.1	21.1	T>G	3
561	27.5	23.5	C>A	3
561	27.5	23.5	C>G	2
561	27.5	23.5	C>T	10
561	27.5	23.5	CpG>TpG	10
561	27.5	23.5	T>A	3
561	27.5	23.5	T>C	17
561	27.5	23.5	T>G	4
564	19.5	18	C>A	0
564	19.5	18	C>G	0
564	19.5	18	C>T	8
564	19.5	18	CpG>TpG	7
564	19.5	18	T>A	1
564	19.5	18	T>C	9
564	19.5	18	T>G	1
565	23	21.5	C>A	6
565	23	21.5	C>G	3
565	23	21.5	C>T	12
565	23	21.5	CpG>TpG	10
565	23	21.5	T>A	4
565	23	21.5	T>C	10
565	23	21.5	T>G	3
566	25.3	23.8	C>A	9
566	25.3	23.8	C>G	6
566	25.3	23.8	C>T	16
566	25.3	23.8	CpG>TpG	13
566	25.3	23.8	T>A	4
566	25.3	23.8	T>C	14
566	25.3	23.8	T>G	3
567	35	33.5	C>A	5
567	35	33.5	C>G	6
567	35	33.5	C>T	13
567	35	33.5	CpG>TpG	18
567	35	33.5	T>A	5
567	35	33.5	T>C	15
567	35	33.5	T>G	10
568	27	25.5	C>A	9
568	27	25.5	C>G	5
568	27	25.5	C>T	17
568	27	25.5	CpG>TpG	12
568	27	25.5	T>A	3
568	27	25.5	T>C	19
568	27	25.5	T>G	5
569	33.1	32	C>A	11
569	33.1	32	C>G	4
569	33.1	32	C>T	23
569	33.1	32	CpG>TpG	13
569	33.1	32	T>A	7
569	33.1	32	T>C	17
569	33.1	32	T>G	3
570	25.1	24.7	C>A	7
570	25.1	24.7	C>G	2
570	25.1	24.7	C>T	14
570	25.1	24.7	CpG>TpG	8
570	25.1	24.7	T>A	5
570	25.1	24.7	T>C	10
570	25.1	24.7	T>G	7
573	21.9	20.4	C>A	4
573	21.9	20.4	C>G	4
573	21.9	20.4	C>T	12
573	21.9	20.4	CpG>TpG	11
573	21.9	20.4	T>A	1
573	21.9	20.4	T>C	13
573	21.9	20.4	T>G	4
574	38.8	37.3	C>A	11
574	38.8	37.3	C>G	8
574	38.8	37.3	C>T	11
574	38.8	37.3	CpG>TpG	20
574	38.8	37.3	T>A	4
574	38.8	37.3	T>C	19
574	38.8	37.3	T>G	3
575	20.8	19.3	C>A	8
575	20.8	19.3	C>G	7
575	20.8	19.3	C>T	8
575	20.8	19.3	CpG>TpG	7
575	20.8	19.3	T>A	3
575	20.8	19.3	T>C	13
575	20.8	19.3	T>G	4
578	34.8	19.5	C>A	9
578	34.8	19.5	C>G	13
578	34.8	19.5	C>T	20
578	34.8	19.5	CpG>TpG	14
578	34.8	19.5	T>A	6
578	34.8	19.5	T>C	20
578	34.8	19.5	T>G	14
579	38.7	29.8	C>A	5
579	38.7	29.8	C>G	6
579	38.7	29.8	C>T	13
579	38.7	29.8	CpG>TpG	11
579	38.7	29.8	T>A	3
579	38.7	29.8	T>C	31
579	38.7	29.8	T>G	5
58	34.8	33.9	C>A	12
58	34.8	33.9	C>G	7
58	34.8	33.9	C>T	9
58	34.8	33.9	CpG>TpG	20
58	34.8	33.9	T>A	4
58	34.8	33.9	T>C	20
58	34.8	33.9	T>G	11
580	33	24.1	C>A	4
580	33	24.1	C>G	6
580	33	24.1	C>T	17
580	33	24.1	CpG>TpG	13
580	33	24.1	T>A	2
580	33	24.1	T>C	20
580	33	24.1	T>G	8
581	31.8	22.9	C>A	5
581	31.8	22.9	C>G	5
581	31.8	22.9	C>T	17
581	31.8	22.9	CpG>TpG	9
581	31.8	22.9	T>A	4
581	31.8	22.9	T>C	19
581	31.8	22.9	T>G	5
582	29	20.1	C>A	6
582	29	20.1	C>G	7
582	29	20.1	C>T	14
582	29	20.1	CpG>TpG	6
582	29	20.1	T>A	3
582	29	20.1	T>C	15
582	29	20.1	T>G	8
583	30.9	22	C>A	11
583	30.9	22	C>G	8
583	30.9	22	C>T	16
583	30.9	22	CpG>TpG	19
583	30.9	22	T>A	2
583	30.9	22	T>C	15
583	30.9	22	T>G	2
584	22.6	16.4	C>A	4
584	22.6	16.4	C>G	2
584	22.6	16.4	C>T	14
584	22.6	16.4	CpG>TpG	11
584	22.6	16.4	T>A	2
584	22.6	16.4	T>C	13
584	22.6	16.4	T>G	4
585	28.1	19.2	C>A	4
585	28.1	19.2	C>G	2
585	28.1	19.2	C>T	17
585	28.1	19.2	CpG>TpG	8
585	28.1	19.2	T>A	5
585	28.1	19.2	T>C	14
585	28.1	19.2	T>G	3
588	41.1	32.2	C>A	12
588	41.1	32.2	C>G	10
588	41.1	32.2	C>T	19
588	41.1	32.2	CpG>TpG	22
588	41.1	32.2	T>A	1
588	41.1	32.2	T>C	12
588	41.1	32.2	T>G	4
589	25.4	22.9	C>A	10
589	25.4	22.9	C>G	6
589	25.4	22.9	C>T	11
589	25.4	22.9	CpG>TpG	13
589	25.4	22.9	T>A	5
589	25.4	22.9	T>C	18
589	25.4	22.9	T>G	3
59	36.4	35.5	C>A	3
59	36.4	35.5	C>G	7
59	36.4	35.5	C>T	12
59	36.4	35.5	CpG>TpG	19
59	36.4	35.5	T>A	3
59	36.4	35.5	T>C	13
59	36.4	35.5	T>G	6
590	34.9	32.4	C>A	12
590	34.9	32.4	C>G	5
590	34.9	32.4	C>T	23
590	34.9	32.4	CpG>TpG	9
590	34.9	32.4	T>A	4
590	34.9	32.4	T>C	19
590	34.9	32.4	T>G	3
591	29.9	27.4	C>A	4
591	29.9	27.4	C>G	7
591	29.9	27.4	C>T	16
591	29.9	27.4	CpG>TpG	16
591	29.9	27.4	T>A	3
591	29.9	27.4	T>C	22
591	29.9	27.4	T>G	5
592	42.2	39.7	C>A	12
592	42.2	39.7	C>G	11
592	42.2	39.7	C>T	22
592	42.2	39.7	CpG>TpG	20
592	42.2	39.7	T>A	6
592	42.2	39.7	T>C	26
592	42.2	39.7	T>G	8
593	31	28.5	C>A	1
593	31	28.5	C>G	4
593	31	28.5	C>T	12
593	31	28.5	CpG>TpG	12
593	31	28.5	T>A	3
593	31	28.5	T>C	21
593	31	28.5	T>G	5
595	40.7	38.2	C>A	8
595	40.7	38.2	C>G	6
595	40.7	38.2	C>T	16
595	40.7	38.2	CpG>TpG	20
595	40.7	38.2	T>A	4
595	40.7	38.2	T>C	20
595	40.7	38.2	T>G	3
596	26.7	24.2	C>A	0
596	26.7	24.2	C>G	5
596	26.7	24.2	C>T	15
596	26.7	24.2	CpG>TpG	13
596	26.7	24.2	T>A	2
596	26.7	24.2	T>C	11
596	26.7	24.2	T>G	5
6	32.5	25.3	C>A	9
6	32.5	25.3	C>G	5
6	32.5	25.3	C>T	20
6	32.5	25.3	CpG>TpG	15
6	32.5	25.3	T>A	6
6	32.5	25.3	T>C	13
6	32.5	25.3	T>G	2
60	23.1	22.2	C>A	3
60	23.1	22.2	C>G	3
60	23.1	22.2	C>T	10
60	23.1	22.2	CpG>TpG	9
60	23.1	22.2	T>A	1
60	23.1	22.2	T>C	13
60	23.1	22.2	T>G	5
600	21.4	18.9	C>A	7
600	21.4	18.9	C>G	6
600	21.4	18.9	C>T	18
600	21.4	18.9	CpG>TpG	12
600	21.4	18.9	T>A	2
600	21.4	18.9	T>C	14
600	21.4	18.9	T>G	5
601	27.8	25.3	C>A	7
601	27.8	25.3	C>G	6
601	27.8	25.3	C>T	16
601	27.8	25.3	CpG>TpG	8
601	27.8	25.3	T>A	3
601	27.8	25.3	T>C	13
601	27.8	25.3	T>G	3
602	23.8	21.3	C>A	7
602	23.8	21.3	C>G	4
602	23.8	21.3	C>T	19
602	23.8	21.3	CpG>TpG	15
602	23.8	21.3	T>A	6
602	23.8	21.3	T>C	13
602	23.8	21.3	T>G	2
603	22.5	20	C>A	9
603	22.5	20	C>G	5
603	22.5	20	C>T	10
603	22.5	20	CpG>TpG	8
603	22.5	20	T>A	3
603	22.5	20	T>C	15
603	22.5	20	T>G	5
61	24.9	24	C>A	3
61	24.9	24	C>G	3
61	24.9	24	C>T	10
61	24.9	24	CpG>TpG	13
61	24.9	24	T>A	4
61	24.9	24	T>C	9
61	24.9	24	T>G	2
62	29.7	28.8	C>A	3
62	29.7	28.8	C>G	7
62	29.7	28.8	C>T	15
62	29.7	28.8	CpG>TpG	15
62	29.7	28.8	T>A	3
62	29.7	28.8	T>C	21
62	29.7	28.8	T>G	3
64	27.2	26.3	C>A	5
64	27.2	26.3	C>G	7
64	27.2	26.3	C>T	12
64	27.2	26.3	CpG>TpG	6
64	27.2	26.3	T>A	2
64	27.2	26.3	T>C	18
64	27.2	26.3	T>G	7
65	19.7	18.8	C>A	5
65	19.7	18.8	C>G	5
65	19.7	18.8	C>T	11
65	19.7	18.8	CpG>TpG	7
65	19.7	18.8	T>A	5
65	19.7	18.8	T>C	11
65	19.7	18.8	T>G	3
68	19.5	19.6	C>A	3
68	19.5	19.6	C>G	3
68	19.5	19.6	C>T	11
68	19.5	19.6	CpG>TpG	5
68	19.5	19.6	T>A	5
68	19.5	19.6	T>C	18
68	19.5	19.6	T>G	3
69	27.1	27.2	C>A	5
69	27.1	27.2	C>G	4
69	27.1	27.2	C>T	11
69	27.1	27.2	CpG>TpG	13
69	27.1	27.2	T>A	5
69	27.1	27.2	T>C	24
69	27.1	27.2	T>G	4
70	25.5	25.6	C>A	4
70	25.5	25.6	C>G	6
70	25.5	25.6	C>T	17
70	25.5	25.6	CpG>TpG	8
70	25.5	25.6	T>A	2
70	25.5	25.6	T>C	17
70	25.5	25.6	T>G	4
71	29.8	29.9	C>A	6
71	29.8	29.9	C>G	9
71	29.8	29.9	C>T	16
71	29.8	29.9	CpG>TpG	17
71	29.8	29.9	T>A	5
71	29.8	29.9	T>C	18
71	29.8	29.9	T>G	3
72	34.5	34.6	C>A	9
72	34.5	34.6	C>G	10
72	34.5	34.6	C>T	16
72	34.5	34.6	CpG>TpG	16
72	34.5	34.6	T>A	5
72	34.5	34.6	T>C	19
72	34.5	34.6	T>G	9
73	37	37.1	C>A	8
73	37	37.1	C>G	11
73	37	37.1	C>T	19
73	37	37.1	CpG>TpG	16
73	37	37.1	T>A	5
73	37	37.1	T>C	31
73	37	37.1	T>G	6
74	23	23.1	C>A	7
74	23	23.1	C>G	7
74	23	23.1	C>T	15
74	23	23.1	CpG>TpG	12
74	23	23.1	T>A	3
74	23	23.1	T>C	12
74	23	23.1	T>G	7
75	20.6	20.7	C>A	3
75	20.6	20.7	C>G	2
75	20.6	20.7	C>T	12
75	20.6	20.7	CpG>TpG	12
75	20.6	20.7	T>A	2
75	20.6	20.7	T>C	14
75	20.6	20.7	T>G	1
76	28.6	25.7	C>A	6
76	28.6	25.7	C>G	7
76	28.6	25.7	C>T	15
76	28.6	25.7	CpG>TpG	12
76	28.6	25.7	T>A	3
76	28.6	25.7	T>C	22
76	28.6	25.7	T>G	1
77	30	27.6	C>A	9
77	30	27.6	C>G	3
77	30	27.6	C>T	17
77	30	27.6	CpG>TpG	9
77	30	27.6	T>A	4
77	30	27.6	T>C	15
77	30	27.6	T>G	2
80	35.1	33.4	C>A	8
80	35.1	33.4	C>G	7
80	35.1	33.4	C>T	9
80	35.1	33.4	CpG>TpG	13
80	35.1	33.4	T>A	5
80	35.1	33.4	T>C	19
80	35.1	33.4	T>G	6
81	27.5	26.8	C>A	5
81	27.5	26.8	C>G	12
81	27.5	26.8	C>T	26
81	27.5	26.8	CpG>TpG	15
81	27.5	26.8	T>A	5
81	27.5	26.8	T>C	24
81	27.5	26.8	T>G	5
82	27.2	25.5	C>A	6
82	27.2	25.5	C>G	3
82	27.2	25.5	C>T	10
82	27.2	25.5	CpG>TpG	14
82	27.2	25.5	T>A	4
82	27.2	25.5	T>C	13
82	27.2	25.5	T>G	2
83	33.7	32	C>A	4
83	33.7	32	C>G	8
83	33.7	32	C>T	20
83	33.7	32	CpG>TpG	19
83	33.7	32	T>A	8
83	33.7	32	T>C	26
83	33.7	32	T>G	6
84	24.8	23.1	C>A	3
84	24.8	23.1	C>G	3
84	24.8	23.1	C>T	15
84	24.8	23.1	CpG>TpG	10
84	24.8	23.1	T>A	3
84	24.8	23.1	T>C	13
84	24.8	23.1	T>G	3
85	19.7	18	C>A	7
85	19.7	18	C>G	6
85	19.7	18	C>T	13
85	19.7	18	CpG>TpG	13
85	19.7	18	T>A	4
85	19.7	18	T>C	11
85	19.7	18	T>G	7
86	25.4	20.9	C>A	7
86	25.4	20.9	C>G	2
86	25.4	20.9	C>T	15
86	25.4	20.9	CpG>TpG	15
86	25.4	20.9	T>A	3
86	25.4	20.9	T>C	18
86	25.4	20.9	T>G	4
89	21.1	19.4	C>A	6
89	21.1	19.4	C>G	11
89	21.1	19.4	C>T	9
89	21.1	19.4	CpG>TpG	6
89	21.1	19.4	T>A	4
89	21.1	19.4	T>C	17
89	21.1	19.4	T>G	7
90	23.7	22	C>A	5
90	23.7	22	C>G	6
90	23.7	22	C>T	15
90	23.7	22	CpG>TpG	11
90	23.7	22	T>A	4
90	23.7	22	T>C	18
90	23.7	22	T>G	4
91	22.4	20.7	C>A	2
91	22.4	20.7	C>G	4
91	22.4	20.7	C>T	7
91	22.4	20.7	CpG>TpG	10
91	22.4	20.7	T>A	6
91	22.4	20.7	T>C	6
91	22.4	20.7	T>G	4
98	32.1	34.9	C>A	5
98	32.1	34.9	C>G	10
98	32.1	34.9	C>T	12
98	32.1	34.9	CpG>TpG	12
98	32.1	34.9	T>A	5
98	32.1	34.9	T>C	14
98	32.1	34.9	T>G	5
99	34.9	37.7	C>A	6
99	34.9	37.7	C>G	11
99	34.9	37.7	C>T	17
99	34.9	37.7	CpG>TpG	9
99	34.9	37.7	T>A	3
99	34.9	37.7	T>C	15
99	34.9	37.7	T>G	2
